model,manufacturer,lens_type,lens_mount,focal_length_mm,min_wd_mm,distortion_percent,image_circle_mm,megapixel_rating,recommended_min_pixel_um,pmag,nominal_wd_mm,wd_tolerance_mm,max_sensor_diagonal_mm,telecentricity_deg,dof_mm,numerical_aperture,f_number,coaxial_illumination,object_fov_mm,object_resolution_um,source_category,source_url,notes
XF-10MDT00679X350-1C-VI,灿锐光学,BiTelecentric,C,,,0.023,16,,,0.0679,350,,,0.04,,,,,235.6,,instant-measurement-double-fov-telecentric-lens,https://www.canrilloptics.com/instant-measurement-double-fov-telecentric-lens-product/,灿锐官网型号规格表；范围及条件规格以原始表为准
XF-10MDT0075X350-1.1C-VI,灿锐光学,BiTelecentric,C,,,0.021,17.7,,,0.075,350,,,0.04,,,,,236,,instant-measurement-double-fov-telecentric-lens,https://www.canrilloptics.com/instant-measurement-double-fov-telecentric-lens-product/,灿锐官网型号规格表；范围及条件规格以原始表为准
XF-10MDT0109X120,灿锐光学,BiTelecentric,C,,,0.066,11,,,0.109,120,,,0.01,74.6,,8,,100.9,48.45,instant-measurement-double-fov-telecentric-lens,https://www.canrilloptics.com/instant-measurement-double-fov-telecentric-lens-product/,灿锐官网型号规格表；范围及条件规格以原始表为准
XF-10MDT0109X120-L90,灿锐光学,BiTelecentric,C,,,0.066,11,,,0.109,120,,,0.01,74.6,,8,,100.9,48.45,instant-measurement-double-fov-telecentric-lens,https://www.canrilloptics.com/instant-measurement-double-fov-telecentric-lens-product/,灿锐官网型号规格表；范围及条件规格以原始表为准
XF-10MDT0158063X150C-DSS-L90,灿锐光学,BiTelecentric,C,,,,16,,,,150,,,0.02,,,6,,,,instant-measurement-double-fov-telecentric-lens,https://www.canrilloptics.com/instant-measurement-double-fov-telecentric-lens-product/,灿锐官网型号规格表；范围及条件规格以原始表为准
XF-10MDT0158X150C,灿锐光学,BiTelecentric,C,,,0.024,16,,,0.158,150,,,0.02,13.6,,6,,101.3,25.06,instant-measurement-double-fov-telecentric-lens,https://www.canrilloptics.com/instant-measurement-double-fov-telecentric-lens-product/,灿锐官网型号规格表；范围及条件规格以原始表为准
XF-10MDT0158X150C-L90,灿锐光学,BiTelecentric,C,,,0.024,16,,,0.158,150,,,0.02,13.6,,6,,101.3,25.06,instant-measurement-double-fov-telecentric-lens,https://www.canrilloptics.com/instant-measurement-double-fov-telecentric-lens-product/,灿锐官网型号规格表；范围及条件规格以原始表为准
XF-10MDT0209X178-1C,灿锐光学,Telecentric,C,,,0.088,16.2,,,0.209,178,,,0.07,20.5,,8,,77.5,25.3,high-resolution-telecentric-lens,https://www.canrilloptics.com/10mdt-series-for-1-1-sensor-product/,灿锐官网型号规格表；范围及条件规格以原始表为准
XF-10MDT0209X200-1C,灿锐光学,Telecentric,C,,,0.11,16.2,,,0.209,200,,,0.11,19,,8,,77.5,25.2,high-resolution-telecentric-lens,https://www.canrilloptics.com/10mdt-series-for-1-1-sensor-product/,灿锐官网型号规格表；范围及条件规格以原始表为准
XF-10MDT021X220C-1.1C-AOI,灿锐光学,Telecentric,,,,0.00029,18.2,,,0.21,220,,,,17.8,,7,,86.7,22.4,telecentric-lens-for-aoi,https://www.canrilloptics.com/telecentric-lens-for-2d-aoi-product/,灿锐官网型号规格表；范围及条件规格以原始表为准
XF-10MDT023X200B-1.1C-VI,灿锐光学,Telecentric,C,,,0.044,17.6,,,0.23,200,,,0.06,,,,,76.5,,high-resolution-telecentric-lens,https://www.canrilloptics.com/10mdt-series-for-1-1-sensor-product/,灿锐官网型号规格表；范围及条件规格以原始表为准
XF-10MDT025X200-1C,灿锐光学,Telecentric,C,,,1.224,16,,,0.25,200,,,0.17,16.1,,9,,64,23.7,high-resolution-telecentric-lens,https://www.canrilloptics.com/10mdt-series-for-1-1-sensor-product/,灿锐官网型号规格表；范围及条件规格以原始表为准
XF-10MDT025X220C-1.1C-AOI,灿锐光学,Telecentric,,,,0.0003,18.2,,,0.25,220,,,,12.6,,7,,72.8,18.8,telecentric-lens-for-aoi,https://www.canrilloptics.com/telecentric-lens-for-2d-aoi-product/,灿锐官网型号规格表；范围及条件规格以原始表为准
XF-10MDT0275X200-1C,灿锐光学,Telecentric,C,,,0.032,16,,,0.275,200,,,0.03,11.8,,8,,58.2,19.2,high-resolution-telecentric-lens,https://www.canrilloptics.com/10mdt-series-for-1-1-sensor-product/,灿锐官网型号规格表；范围及条件规格以原始表为准
XF-10MDT0275X220C-1.1C-AOI,灿锐光学,Telecentric,,,,0.00025,18.2,,,0.275,220,,,,10.4,,7,,66.2,17.1,telecentric-lens-for-aoi,https://www.canrilloptics.com/telecentric-lens-for-2d-aoi-product/,灿锐官网型号规格表；范围及条件规格以原始表为准
XF-10MDT0345X200-1.1C-AOI,灿锐光学,Telecentric,,,,0.00025,18.2,,,0.345,200,,,,7.5,,8,,52.8,15.3,telecentric-lens-for-aoi,https://www.canrilloptics.com/telecentric-lens-for-2d-aoi-product/,灿锐官网型号规格表；范围及条件规格以原始表为准
XF-10MDT035X110-1C,灿锐光学,Telecentric,C,,,0.084,16.2,,,0.35,110,,,0.1,7,,8,,46.3,15,high-resolution-telecentric-lens,https://www.canrilloptics.com/10mdt-series-for-1-1-sensor-product/,灿锐官网型号规格表；范围及条件规格以原始表为准
XF-10MDT0367X200-1C,灿锐光学,Telecentric,C,,,0.045,16,,,0.367,200,,,0.2,5.4,,8,,43.6,14.3,high-resolution-telecentric-lens,https://www.canrilloptics.com/10mdt-series-for-1-1-sensor-product/,灿锐官网型号规格表；范围及条件规格以原始表为准
XF-10MDT0367X220E-1.1C-AOI,灿锐光学,Telecentric,,,,0.00018,18.2,,,0.367,220,,,,6.6,,8,,49.6,14.4,telecentric-lens-for-aoi,https://www.canrilloptics.com/telecentric-lens-for-2d-aoi-product/,灿锐官网型号规格表；范围及条件规格以原始表为准
XF-10MDT03X178-1C,灿锐光学,Telecentric,C,,,0.06,16,,,0.3,178,,,0.23,9.3,,8,,53.3,17.7,high-resolution-telecentric-lens,https://www.canrilloptics.com/10mdt-series-for-1-1-sensor-product/,灿锐官网型号规格表；范围及条件规格以原始表为准
XF-10MDT03X200-1C,灿锐光学,Telecentric,C,,,0.041,16,,,0.3,200,,,0.03,9.9,,8,,53.3,17.6,high-resolution-telecentric-lens,https://www.canrilloptics.com/10mdt-series-for-1-1-sensor-product/,灿锐官网型号规格表；范围及条件规格以原始表为准
XF-10MDT044X110-1C,灿锐光学,Telecentric,C,,,0.02,16.2,,,0.44,110,,,0.1,4.3,,8,,36.8,12,high-resolution-telecentric-lens,https://www.canrilloptics.com/10mdt-series-for-1-1-sensor-product/,灿锐官网型号规格表；范围及条件规格以原始表为准
XF-10MDT04X110-1C,灿锐光学,Telecentric,C,,,0.085,16.2,,,0.4,110,,,0.1,5.2,,8,,40.5,13.2,high-resolution-telecentric-lens,https://www.canrilloptics.com/10mdt-series-for-1-1-sensor-product/,灿锐官网型号规格表；范围及条件规格以原始表为准
XF-10MDT04X110-1C-VI,灿锐光学,Telecentric,C,,,0.086,16.2,,,0.4,110,,,0.1,,,,,40.5,,high-resolution-telecentric-lens,https://www.canrilloptics.com/10mdt-series-for-1-1-sensor-product/,灿锐官网型号规格表；范围及条件规格以原始表为准
XF-10MDT04X220-1.1C,灿锐光学,Telecentric,C,,,0.016,17.6,,,0.4,220,,,0.08,5.5,,8,,44,13.2,high-resolution-telecentric-lens,https://www.canrilloptics.com/10mdt-series-for-1-1-sensor-product/,灿锐官网型号规格表；范围及条件规格以原始表为准
XF-10MDT051.5X110DSSB-L90Y-1C,灿锐光学,Telecentric,C,,,,,,,,110,,,,,,,,,,instant-measurement-double-fov-telecentric-lens,https://www.canrilloptics.com/instant-measurement-double-fov-telecentric-lens-product/,灿锐官网型号规格表；范围及条件规格以原始表为准
XF-10MDT055X220-1C,灿锐光学,Telecentric,C,,,0.112,17.6,,,0.55,220,,,0.09,2.9,,8,,32,9.6,high-resolution-telecentric-lens,https://www.canrilloptics.com/10mdt-series-for-1-1-sensor-product/,灿锐官网型号规格表；范围及条件规格以原始表为准
XF-10MDT05X110-1C,灿锐光学,Telecentric,C,,,0.162,17.6,,,0.5,110,,,0.06,3.5,,8,,35.2,10.5,high-resolution-telecentric-lens,https://www.canrilloptics.com/10mdt-series-for-1-1-sensor-product/,灿锐官网型号规格表；范围及条件规格以原始表为准
XF-10MDT05X110-1C-VI,灿锐光学,Telecentric,C,,,0.08,16,,,0.5,110,,,0.06,,,,,32,,high-resolution-telecentric-lens,https://www.canrilloptics.com/10mdt-series-for-1-1-sensor-product/,灿锐官网型号规格表；范围及条件规格以原始表为准
XF-10MDT05X110D-1C,灿锐光学,Telecentric,C,,,0.072,16.2,,,0.5,110,,,0.06,3.5,,8,,32.4,10.5,high-resolution-telecentric-lens,https://www.canrilloptics.com/10mdt-series-for-1-1-sensor-product/,灿锐官网型号规格表；范围及条件规格以原始表为准
XF-10MDT05X220-1C,灿锐光学,Telecentric,C,,,0.095,17.6,,,0.5,220,,,0.13,3.5,,8,,35.2,10.6,high-resolution-telecentric-lens,https://www.canrilloptics.com/10mdt-series-for-1-1-sensor-product/,灿锐官网型号规格表；范围及条件规格以原始表为准
XF-10MDT05X65-1C,灿锐光学,Telecentric,C,,,0.006,17.6,,,0.5,65,,,0.38,2.7,,6,,35.2,7.9,high-resolution-telecentric-lens,https://www.canrilloptics.com/10mdt-series-for-1-1-sensor-product/,灿锐官网型号规格表；范围及条件规格以原始表为准
XF-10MDT05X65D-1C,灿锐光学,Telecentric,C,,,0.005,17.6,,,0.5,65,,,0.39,2.7,,6,,35.2,8,high-resolution-telecentric-lens,https://www.canrilloptics.com/10mdt-series-for-1-1-sensor-product/,灿锐官网型号规格表；范围及条件规格以原始表为准
XF-10MDT06X80-1C,灿锐光学,Telecentric,C,,,0.021,17.6,,,0.6,80,,,0.1,2.5,,8,,29.3,8.8,high-resolution-telecentric-lens,https://www.canrilloptics.com/10mdt-series-for-1-1-sensor-product/,灿锐官网型号规格表；范围及条件规格以原始表为准
XF-10MDT06X80D-1C,灿锐光学,Telecentric,C,,,0.079,17.6,,,0.6,80,,,0.1,2.5,,8,,29.3,8.8,high-resolution-telecentric-lens,https://www.canrilloptics.com/10mdt-series-for-1-1-sensor-product/,灿锐官网型号规格表；范围及条件规格以原始表为准
XF-10MDT074X65-1C,灿锐光学,Telecentric,C,,,0.055,17.6,,,0.74,65,,,0.26,1.7,,8.5,,23.8,7.6,high-resolution-telecentric-lens,https://www.canrilloptics.com/10mdt-series-for-1-1-sensor-product/,灿锐官网型号规格表；范围及条件规格以原始表为准
XF-10MDT074X65D-1C,灿锐光学,Telecentric,C,,,0.06,17.6,,,0.74,65,,,0.28,1.7,,8.5,,23.8,7.6,high-resolution-telecentric-lens,https://www.canrilloptics.com/10mdt-series-for-1-1-sensor-product/,灿锐官网型号规格表；范围及条件规格以原始表为准
XF-10MDT08X110-1.1C,灿锐光学,Telecentric,C,,,0.053,17.6,,,0.8,110,,,0.1,1.5,,9,,22,7.4,high-resolution-telecentric-lens,https://www.canrilloptics.com/10mdt-series-for-1-1-sensor-product/,灿锐官网型号规格表；范围及条件规格以原始表为准
XF-10MDT08X110D-1.1C,灿锐光学,Telecentric,C,,,0.053,17.6,,,0.8,110,,,0.1,1.5,,9,,22,7.4,high-resolution-telecentric-lens,https://www.canrilloptics.com/10mdt-series-for-1-1-sensor-product/,灿锐官网型号规格表；范围及条件规格以原始表为准
XF-10MDT08X178-1C,灿锐光学,Telecentric,C,,,0.1,17.6,,,0.8,178,,,0.15,1.7,,10,,22,8.3,high-resolution-telecentric-lens,https://www.canrilloptics.com/10mdt-series-for-1-1-sensor-product/,灿锐官网型号规格表；范围及条件规格以原始表为准
XF-10MDT08X178D-1C,灿锐光学,Telecentric,C,,,0.1,17.6,,,0.8,178,,,0.15,1.7,,10,,22,8.3,high-resolution-telecentric-lens,https://www.canrilloptics.com/10mdt-series-for-1-1-sensor-product/,灿锐官网型号规格表；范围及条件规格以原始表为准
XF-10MDT1.5X110-1C,灿锐光学,Telecentric,C,,,0.082,17.6,,,1.5,110,,,0.1,0.57,,11.5,,11.7,5.1,high-resolution-telecentric-lens,https://www.canrilloptics.com/10mdt-series-for-1-1-sensor-product/,灿锐官网型号规格表；范围及条件规格以原始表为准
XF-10MDT1.5X110D-1C,灿锐光学,Telecentric,C,,,0.082,17.6,,,1.5,110,,,0.1,0.57,,11.5,,11.7,5.1,high-resolution-telecentric-lens,https://www.canrilloptics.com/10mdt-series-for-1-1-sensor-product/,灿锐官网型号规格表；范围及条件规格以原始表为准
XF-10MDT1X110-1C,灿锐光学,Telecentric,C,,,0.08,17.6,,,1,110,,,0.08,1.1,,10,,17.6,6.5,high-resolution-telecentric-lens,https://www.canrilloptics.com/10mdt-series-for-1-1-sensor-product/,灿锐官网型号规格表；范围及条件规格以原始表为准
XF-10MDT1X110D-1C,灿锐光学,Telecentric,C,,,0.08,17.6,,,1,110,,,0.08,1.1,,10,,17.6,6.5,high-resolution-telecentric-lens,https://www.canrilloptics.com/10mdt-series-for-1-1-sensor-product/,灿锐官网型号规格表；范围及条件规格以原始表为准
XF-10MDT1X178-1C,灿锐光学,Telecentric,C,,,0.066,17.6,,,1,178,,,0.13,1.2,,11.1,,17.6,7.3,high-resolution-telecentric-lens,https://www.canrilloptics.com/10mdt-series-for-1-1-sensor-product/,灿锐官网型号规格表；范围及条件规格以原始表为准
XF-10MDT1X178D-1C,灿锐光学,Telecentric,C,,,0.066,17.6,,,1,178,,,0.13,1.2,,11.1,,17.6,7.3,high-resolution-telecentric-lens,https://www.canrilloptics.com/10mdt-series-for-1-1-sensor-product/,灿锐官网型号规格表；范围及条件规格以原始表为准
XF-10MDT1X65-1C,灿锐光学,Telecentric,C,,,0.007,17.6,,,1,65,,,0.21,0.79,,7,,17.6,4.6,high-resolution-telecentric-lens,https://www.canrilloptics.com/10mdt-series-for-1-1-sensor-product/,灿锐官网型号规格表；范围及条件规格以原始表为准
XF-10MDT1X65D-1C,灿锐光学,Telecentric,C,,,0.008,17.6,,,1,65,,,0.19,0.79,,7,,17.6,4.6,high-resolution-telecentric-lens,https://www.canrilloptics.com/10mdt-series-for-1-1-sensor-product/,灿锐官网型号规格表；范围及条件规格以原始表为准
XF-10MDT2X110-1.1C-VI,灿锐光学,Telecentric,C,,,0.047,17.6,,,2,110,,,0.1,,,,false,,,high-mag-large-format-telecentric-lens-for-semiconductor,https://www.canrilloptics.com/high-mag-large-format-telecentric-lens-for-semiconductor-product/,灿锐官网型号规格表；范围及条件规格以原始表为准
XF-10MDT2X110DZM-1.1C-VI,灿锐光学,Telecentric,C,,,0.047,17.6,,,2,110,,,0.1,,,,true,,,high-mag-large-format-telecentric-lens-for-semiconductor,https://www.canrilloptics.com/high-mag-large-format-telecentric-lens-for-semiconductor-product/,灿锐官网型号规格表；范围及条件规格以原始表为准
XF-10MDT2X65-1C-VI,灿锐光学,Telecentric,C,,,0.1,17.6,,,2,65,,,0.205,,,,false,,,high-mag-large-format-telecentric-lens-for-semiconductor,https://www.canrilloptics.com/high-mag-large-format-telecentric-lens-for-semiconductor-product/,灿锐官网型号规格表；范围及条件规格以原始表为准
XF-10MDT2X65D-1C-VI,灿锐光学,Telecentric,C,,,0.1,17.6,,,2,65,,,0.205,,,,true,,,high-mag-large-format-telecentric-lens-for-semiconductor,https://www.canrilloptics.com/high-mag-large-format-telecentric-lens-for-semiconductor-product/,灿锐官网型号规格表；范围及条件规格以原始表为准
XF-10MDT2X65DZM-1C-VI,灿锐光学,Telecentric,C,,,0.1,17.6,,,2,65,,,0.205,,,,true,,,high-mag-large-format-telecentric-lens-for-semiconductor,https://www.canrilloptics.com/high-mag-large-format-telecentric-lens-for-semiconductor-product/,灿锐官网型号规格表；范围及条件规格以原始表为准
XF-10MDT3X110-1.1C-VI,灿锐光学,Telecentric,C,,,0.048,17.6,,,3,110,,,0.07,,,,false,,,high-mag-large-format-telecentric-lens-for-semiconductor,https://www.canrilloptics.com/high-mag-large-format-telecentric-lens-for-semiconductor-product/,灿锐官网型号规格表；范围及条件规格以原始表为准
XF-10MDT3X110DZM-1.1C-VI,灿锐光学,Telecentric,C,,,0.048,17.6,,,3,110,,,0.07,,,,true,,,high-mag-large-format-telecentric-lens-for-semiconductor,https://www.canrilloptics.com/high-mag-large-format-telecentric-lens-for-semiconductor-product/,灿锐官网型号规格表；范围及条件规格以原始表为准
XF-10MDT3X65-1C-VI,灿锐光学,Telecentric,C,,,0.085,17.6,,,3,65,,,0.212,,,,false,,,high-mag-large-format-telecentric-lens-for-semiconductor,https://www.canrilloptics.com/high-mag-large-format-telecentric-lens-for-semiconductor-product/,灿锐官网型号规格表；范围及条件规格以原始表为准
XF-10MDT3X65D-1C-VI,灿锐光学,Telecentric,C,,,0.085,17.6,,,3,65,,,0.212,,,,true,,,high-mag-large-format-telecentric-lens-for-semiconductor,https://www.canrilloptics.com/high-mag-large-format-telecentric-lens-for-semiconductor-product/,灿锐官网型号规格表；范围及条件规格以原始表为准
XF-10MDT3X65DZM-1C-VI,灿锐光学,Telecentric,C,,,0.085,17.6,,,3,65,,,0.212,,,,true,,,high-mag-large-format-telecentric-lens-for-semiconductor,https://www.canrilloptics.com/high-mag-large-format-telecentric-lens-for-semiconductor-product/,灿锐官网型号规格表；范围及条件规格以原始表为准
XF-10MDT4X110-1.1C-VI,灿锐光学,Telecentric,C,,,0.046,17.6,,,4,110,,,0.05,,,,false,,,high-mag-large-format-telecentric-lens-for-semiconductor,https://www.canrilloptics.com/high-mag-large-format-telecentric-lens-for-semiconductor-product/,灿锐官网型号规格表；范围及条件规格以原始表为准
XF-10MDT4X110DZM-1.1C-VI,灿锐光学,Telecentric,C,,,0.046,17.6,,,4,110,,,0.05,,,,true,,,high-mag-large-format-telecentric-lens-for-semiconductor,https://www.canrilloptics.com/high-mag-large-format-telecentric-lens-for-semiconductor-product/,灿锐官网型号规格表；范围及条件规格以原始表为准
XF-10MDT4X65-1C-VI,灿锐光学,Telecentric,C,,,0.09,17.6,,,4,65,,,0.161,,,,false,,,high-mag-large-format-telecentric-lens-for-semiconductor,https://www.canrilloptics.com/high-mag-large-format-telecentric-lens-for-semiconductor-product/,灿锐官网型号规格表；范围及条件规格以原始表为准
XF-10MDT4X65D-1C-VI,灿锐光学,Telecentric,C,,,0.09,17.6,,,4,65,,,0.161,,,,true,,,high-mag-large-format-telecentric-lens-for-semiconductor,https://www.canrilloptics.com/high-mag-large-format-telecentric-lens-for-semiconductor-product/,灿锐官网型号规格表；范围及条件规格以原始表为准
XF-10MDT4X65DZM-1C-VI,灿锐光学,Telecentric,C,,,0.09,17.6,,,4,65,,,0.161,,,,true,,,high-mag-large-format-telecentric-lens-for-semiconductor,https://www.canrilloptics.com/high-mag-large-format-telecentric-lens-for-semiconductor-product/,灿锐官网型号规格表；范围及条件规格以原始表为准
XF-5MDT01090436X120DSSB-L90,灿锐光学,BiTelecentric,C,,,,11,,,,120,,,,,,8,,,,instant-measurement-double-fov-telecentric-lens,https://www.canrilloptics.com/instant-measurement-double-fov-telecentric-lens-product/,灿锐官网型号规格表；范围及条件规格以原始表为准
XF-5MDT014X178,灿锐光学,Telecentric,C,,,0.06,11,,,0.14,178,,,0.03,45.3,,8,,78.6,37.7,high-resolution-telecentric-lens,https://www.canrilloptics.com/5mdt-series-for-2-3-sensor-product/,灿锐官网型号规格表；范围及条件规格以原始表为准
XF-5MDT016X178,灿锐光学,Telecentric,C,,,0.06,11,,,0.16,178,,,0.03,35,,8,,68.8,33,high-resolution-telecentric-lens,https://www.canrilloptics.com/5mdt-series-for-2-3-sensor-product/,灿锐官网型号规格表；范围及条件规格以原始表为准
XF-5MDT018X110,灿锐光学,Telecentric,C,,,0.007,11.2,,,0.18,110,,,0.64,18.4,,6,,62.2,22,high-resolution-telecentric-lens,https://www.canrilloptics.com/5mdt-series-for-2-3-sensor-product/,灿锐官网型号规格表；范围及条件规格以原始表为准
XF-5MDT022X200B,灿锐光学,Telecentric,C,,,0.032,11,,,0.22,200,,,0.1,13.7,,6,,50,18,high-resolution-telecentric-lens,https://www.canrilloptics.com/5mdt-series-for-2-3-sensor-product/,灿锐官网型号规格表；范围及条件规格以原始表为准
XF-5MDT023X200B,灿锐光学,Telecentric,C,,,0.164,11,,,0.23,200,,,0.29,16.3,,8.6,,47.8,24.8,high-resolution-telecentric-lens,https://www.canrilloptics.com/5mdt-series-for-2-3-sensor-product/,灿锐官网型号规格表；范围及条件规格以原始表为准
XF-5MDT024X150,灿锐光学,Telecentric,C,,,0.025,11,,,0.24,150,,,0.03,15.7,,8,,45.8,22,high-resolution-telecentric-lens,https://www.canrilloptics.com/5mdt-series-for-2-3-sensor-product/,灿锐官网型号规格表；范围及条件规格以原始表为准
XF-5MDT025X110,灿锐光学,Telecentric,C,,,0.09,9,,,0.25,110,,,0.1,12.4,,7.5,,36,19.8,high-resolution-telecentric-lens,https://www.canrilloptics.com/5mdt-series-for-2-3-sensor-product/,灿锐官网型号规格表；范围及条件规格以原始表为准
XF-5MDT02X150,灿锐光学,Telecentric,C,,,0.025,11,,,0.2,150,,,0.04,22.4,,8,,55,26.4,high-resolution-telecentric-lens,https://www.canrilloptics.com/5mdt-series-for-2-3-sensor-product/,灿锐官网型号规格表；范围及条件规格以原始表为准
XF-5MDT02X178,灿锐光学,Telecentric,C,,,0.045,11,,,0.2,178,,,0.48,14.4,,6,,55,19.9,high-resolution-telecentric-lens,https://www.canrilloptics.com/5mdt-series-for-2-3-sensor-product/,灿锐官网型号规格表；范围及条件规格以原始表为准
XF-5MDT03X110B,灿锐光学,Telecentric,C,,,0.025,11,,,0.3,110,,,0.1,9.1,,7.5,,36.7,16.4,high-resolution-telecentric-lens,https://www.canrilloptics.com/5mdt-series-for-2-3-sensor-product/,灿锐官网型号规格表；范围及条件规格以原始表为准
XF-5MDT03X110B-VI,灿锐光学,Telecentric,C,,,0.025,11,,,0.3,110,,,0.1,,,,,36.7,,high-resolution-telecentric-lens,https://www.canrilloptics.com/5mdt-series-for-2-3-sensor-product/,灿锐官网型号规格表；范围及条件规格以原始表为准
XF-5MDT03X110BD,灿锐光学,Telecentric,C,,,0.065,11,,,0.3,110,,,0.1,9.2,,7.5,,36.7,16.5,high-resolution-telecentric-lens,https://www.canrilloptics.com/5mdt-series-for-2-3-sensor-product/,灿锐官网型号规格表；范围及条件规格以原始表为准
XF-5MDT03X178,灿锐光学,Telecentric,C,,,0.03,11,,,0.3,178,,,0.15,9.5,,8,,36.7,17.4,high-resolution-telecentric-lens,https://www.canrilloptics.com/5mdt-series-for-2-3-sensor-product/,灿锐官网型号规格表；范围及条件规格以原始表为准
XF-5MDT03X65,灿锐光学,Telecentric,C,,,0.043,11,,,0.3,65,,,0.05,9.4,,7.5,,36.7,16.5,high-resolution-telecentric-lens,https://www.canrilloptics.com/5mdt-series-for-2-3-sensor-product/,灿锐官网型号规格表；范围及条件规格以原始表为准
XF-5MDT04X110B,灿锐光学,Telecentric,C,,,0.019,11,,,0.4,110,,,0.1,5.4,,8,,27.5,13.2,high-resolution-telecentric-lens,https://www.canrilloptics.com/5mdt-series-for-2-3-sensor-product/,灿锐官网型号规格表；范围及条件规格以原始表为准
XF-5MDT04X110BD,灿锐光学,Telecentric,C,,,0.011,11,,,0.4,110,,,0.09,5.4,,8,,27.5,13.2,high-resolution-telecentric-lens,https://www.canrilloptics.com/5mdt-series-for-2-3-sensor-product/,灿锐官网型号规格表；范围及条件规格以原始表为准
XF-5MDT04X150B,灿锐光学,Telecentric,C,,,0.1,11,,,0.4,150,,,0.1,5.3,,8,,27.5,13.2,high-resolution-telecentric-lens,https://www.canrilloptics.com/5mdt-series-for-2-3-sensor-product/,灿锐官网型号规格表；范围及条件规格以原始表为准
XF-5MDT05X178,灿锐光学,Telecentric,C,,,0.042,11,,,0.5,178,,,0.12,3.1,,7,,22,9.2,high-resolution-telecentric-lens,https://www.canrilloptics.com/5mdt-series-for-2-3-sensor-product/,灿锐官网型号规格表；范围及条件规格以原始表为准
XF-5MDT05X178D,灿锐光学,Telecentric,C,,,0.043,11,,,0.5,178,,,0.12,3.1,,7,,22,9.3,high-resolution-telecentric-lens,https://www.canrilloptics.com/5mdt-series-for-2-3-sensor-product/,灿锐官网型号规格表；范围及条件规格以原始表为准
XF-5MDT05X65,灿锐光学,Telecentric,C,,,0.001,11,,,0.5,65,,,0.26,2.7,,6,,22,7.9,high-resolution-telecentric-lens,https://www.canrilloptics.com/5mdt-series-for-2-3-sensor-product/,灿锐官网型号规格表；范围及条件规格以原始表为准
XF-5MDT05X65D,灿锐光学,Telecentric,C,,,0.008,11,,,0.5,65,,,0.25,2.7,,6,,22,8,high-resolution-telecentric-lens,https://www.canrilloptics.com/5mdt-series-for-2-3-sensor-product/,灿锐官网型号规格表；范围及条件规格以原始表为准
XF-GY2998-09X,灿锐光学,LineScan,,97.5,,0.031,67,,,,160.8,,,,,0.081,,,,,high-mag-large-format-telecentric-lens-for-semiconductor,https://www.canrilloptics.com/gy-series-line-scan-lens-for-67mm-sensor-product/,灿锐官网型号规格表；线扫镜头仅适用于相应线阵场景
XF-GY2998-1.11X,灿锐光学,LineScan,,97.5,,0.031,67,,,,137.2,,,,,0.09,,,,,high-mag-large-format-telecentric-lens-for-semiconductor,https://www.canrilloptics.com/gy-series-line-scan-lens-for-67mm-sensor-product/,灿锐官网型号规格表；线扫镜头仅适用于相应线阵场景
XF-GY3296-055X,灿锐光学,LineScan,,96,,0.026,67,,,,226.6,,,,,0.055,,,,,high-mag-large-format-telecentric-lens-for-semiconductor,https://www.canrilloptics.com/gy-series-line-scan-lens-for-67mm-sensor-product/,灿锐官网型号规格表；线扫镜头仅适用于相应线阵场景
XF-GY3296-1.82X,灿锐光学,LineScan,,96,,0.018,67,,,,110.7,,,,,0.1,,,,,high-mag-large-format-telecentric-lens-for-semiconductor,https://www.canrilloptics.com/gy-series-line-scan-lens-for-67mm-sensor-product/,灿锐官网型号规格表；线扫镜头仅适用于相应线阵场景
XF-GY3296-2.2X,灿锐光学,LineScan,,95.6,,0.022,67,,,,101.1,,,,,0.107,,,,,high-mag-large-format-telecentric-lens-for-semiconductor,https://www.canrilloptics.com/gy-series-line-scan-lens-for-67mm-sensor-product/,灿锐官网型号规格表；线扫镜头仅适用于相应线阵场景
XF-GY3297-065X,灿锐光学,LineScan,,97,,0.017,67,,,,198,,,,,0.061,,,,,high-mag-large-format-telecentric-lens-for-semiconductor,https://www.canrilloptics.com/gy-series-line-scan-lens-for-67mm-sensor-product/,灿锐官网型号规格表；线扫镜头仅适用于相应线阵场景
XF-GY3297-077X,灿锐光学,LineScan,,97,,0.037,67,,,,176,,,,,0.068,,,,,high-mag-large-format-telecentric-lens-for-semiconductor,https://www.canrilloptics.com/gy-series-line-scan-lens-for-67mm-sensor-product/,灿锐官网型号规格表；线扫镜头仅适用于相应线阵场景
XF-GY3297-1.3X,灿锐光学,LineScan,,97,,0.014,67,,,,133.4,,,,,0.088,,,,,high-mag-large-format-telecentric-lens-for-semiconductor,https://www.canrilloptics.com/gy-series-line-scan-lens-for-67mm-sensor-product/,灿锐官网型号规格表；线扫镜头仅适用于相应线阵场景
XF-GY3297-1.54X,灿锐光学,LineScan,,97,,0.017,67,,,,121.9,,,,,0.094,,,,,high-mag-large-format-telecentric-lens-for-semiconductor,https://www.canrilloptics.com/gy-series-line-scan-lens-for-67mm-sensor-product/,灿锐官网型号规格表；线扫镜头仅适用于相应线阵场景
XF-GY3396-045X,灿锐光学,LineScan,,95.6,,0.025,67,,,,272.7,,,,,0.047,,,,,high-mag-large-format-telecentric-lens-for-semiconductor,https://www.canrilloptics.com/gy-series-line-scan-lens-for-67mm-sensor-product/,灿锐官网型号规格表；线扫镜头仅适用于相应线阵场景
XF-GY3596-036X,灿锐光学,LineScan,,95.5,,0.033,67,,,,335.9,,,,,0.038,,,,,high-mag-large-format-telecentric-lens-for-semiconductor,https://www.canrilloptics.com/gy-series-line-scan-lens-for-67mm-sensor-product/,灿锐官网型号规格表；线扫镜头仅适用于相应线阵场景
XF-GY3596-2.8X,灿锐光学,LineScan,,95.5,,0.018,67,,,,95,,,,,0.105,,,,,high-mag-large-format-telecentric-lens-for-semiconductor,https://www.canrilloptics.com/gy-series-line-scan-lens-for-67mm-sensor-product/,灿锐官网型号规格表；线扫镜头仅适用于相应线阵场景
XF-GY3796-03X,灿锐光学,LineScan,,95.5,,0.031,67,,,,400.2,,,,,0.031,,,,,high-mag-large-format-telecentric-lens-for-semiconductor,https://www.canrilloptics.com/gy-series-line-scan-lens-for-67mm-sensor-product/,灿锐官网型号规格表；线扫镜头仅适用于相应线阵场景
XF-GY3796-3.3X,灿锐光学,LineScan,,95.5,,0.012,67,,,,81.4,,,,,0.103,,,,,high-mag-large-format-telecentric-lens-for-semiconductor,https://www.canrilloptics.com/gy-series-line-scan-lens-for-67mm-sensor-product/,灿锐官网型号规格表；线扫镜头仅适用于相应线阵场景
XF-GY3995-022X,灿锐光学,LineScan,,95,,0.04,67,,,,599.1,,,,,0.023,,,,,high-mag-large-format-telecentric-lens-for-semiconductor,https://www.canrilloptics.com/gy-series-line-scan-lens-for-67mm-sensor-product/,灿锐官网型号规格表；线扫镜头仅适用于相应线阵场景
XF-GY3995-4.5X,灿锐光学,LineScan,,95,,0.009,67,,,,71.7,,,,,0.104,,,,,high-mag-large-format-telecentric-lens-for-semiconductor,https://www.canrilloptics.com/gy-series-line-scan-lens-for-67mm-sensor-product/,灿锐官网型号规格表；线扫镜头仅适用于相应线阵场景
XF-GY4595-01X,灿锐光学,LineScan,,95,,0.043,67,,,,3056.3,,,,,0.01,,,,,high-mag-large-format-telecentric-lens-for-semiconductor,https://www.canrilloptics.com/gy-series-line-scan-lens-for-67mm-sensor-product/,灿锐官网型号规格表；线扫镜头仅适用于相应线阵场景
XF-MDT037X230-D28-VI,灿锐光学,Telecentric,,,,0.014,28.5,,,0.37,230,,,,,,,,77,,telecentric-lens-for-aoi,https://www.canrilloptics.com/telecentric-lens-for-3d-aoi-product/,灿锐官网型号规格表；范围及条件规格以原始表为准
XF-MDT046X250B-D29-VI-R1T9,灿锐光学,Telecentric,,,,0.045,29.5,,,0.46,250,,,,,,,,64.1,,telecentric-lens-for-aoi,https://www.canrilloptics.com/telecentric-lens-for-3d-aoi-product/,灿锐官网型号规格表；范围及条件规格以原始表为准
XF-MDT055X220-D28-VI,灿锐光学,Telecentric,,,,0.03,28.5,,,0.55,220,,,,,,,,51.8,,telecentric-lens-for-aoi,https://www.canrilloptics.com/telecentric-lens-for-3d-aoi-product/,灿锐官网型号规格表；范围及条件规格以原始表为准
XF-MDT068X230-D28-VI,灿锐光学,Telecentric,,,,0.045,28.5,,,0.68,230,,,,,,,,41.9,,telecentric-lens-for-aoi,https://www.canrilloptics.com/telecentric-lens-for-3d-aoi-product/,灿锐官网型号规格表；范围及条件规格以原始表为准
XF-MDT1.5X110-D38-VI-M58-11.48,灿锐光学,Telecentric,M58,,,0.021,38,,,1.5,110,,,0.15,,,,false,,,high-mag-large-format-telecentric-lens-for-semiconductor,https://www.canrilloptics.com/high-mag-large-format-telecentric-lens-for-semiconductor-product/,灿锐官网型号规格表；范围及条件规格以原始表为准
XF-MDT1.5X110DZMC-D38-VI-M58-11.48,灿锐光学,Telecentric,M58,,,0.021,38,,,1.5,110,,,0.15,,,,true,,,high-mag-large-format-telecentric-lens-for-semiconductor,https://www.canrilloptics.com/high-mag-large-format-telecentric-lens-for-semiconductor-product/,灿锐官网型号规格表；范围及条件规格以原始表为准
XF-MDT1X135-D38-VI-M58-11.48,灿锐光学,Telecentric,M58,,,0.02,38,,,1,135,,,0.15,,,,false,,,high-mag-large-format-telecentric-lens-for-semiconductor,https://www.canrilloptics.com/high-mag-large-format-telecentric-lens-for-semiconductor-product/,灿锐官网型号规格表；范围及条件规格以原始表为准
XF-MDT1X135DZM-D38-VI-M58-11.48,灿锐光学,Telecentric,M58,,,0.02,38,,,1,135,,,0.15,,,,true,,,high-mag-large-format-telecentric-lens-for-semiconductor,https://www.canrilloptics.com/high-mag-large-format-telecentric-lens-for-semiconductor-product/,灿锐官网型号规格表；范围及条件规格以原始表为准
XF-MDT2X110-D41-VI-M58-11.48,灿锐光学,Telecentric,M58,,,0.05,41,,,2,110,,,0.16,,,,false,,,high-mag-large-format-telecentric-lens-for-semiconductor,https://www.canrilloptics.com/high-mag-large-format-telecentric-lens-for-semiconductor-product/,灿锐官网型号规格表；范围及条件规格以原始表为准
XF-MDT2X110DZM-D41-VI-M58-11.48,灿锐光学,Telecentric,M58,,,0.05,41,,,2,110,,,0.16,,,,true,,,high-mag-large-format-telecentric-lens-for-semiconductor,https://www.canrilloptics.com/high-mag-large-format-telecentric-lens-for-semiconductor-product/,灿锐官网型号规格表；范围及条件规格以原始表为准
XF-MDT3X110-D41-VI-M58-11.48,灿锐光学,Telecentric,M58,,,0.059,41,,,3,110,,,0.153,,,,false,,,high-mag-large-format-telecentric-lens-for-semiconductor,https://www.canrilloptics.com/high-mag-large-format-telecentric-lens-for-semiconductor-product/,灿锐官网型号规格表；范围及条件规格以原始表为准
XF-MDT3X110DZM-D41-VI-M58-11.48,灿锐光学,Telecentric,M58,,,0.059,41,,,3,110,,,0.153,,,,true,,,high-mag-large-format-telecentric-lens-for-semiconductor,https://www.canrilloptics.com/high-mag-large-format-telecentric-lens-for-semiconductor-product/,灿锐官网型号规格表；范围及条件规格以原始表为准
XF-MDT4X110-D41-VI-M58-11.48,灿锐光学,Telecentric,M58,,,0.052,41,,,4,110,,,0.116,,,,false,,,high-mag-large-format-telecentric-lens-for-semiconductor,https://www.canrilloptics.com/high-mag-large-format-telecentric-lens-for-semiconductor-product/,灿锐官网型号规格表；范围及条件规格以原始表为准
XF-MDT4X110DZM-D41-VI-M58-11.48,灿锐光学,Telecentric,M58,,,0.052,41,,,4,110,,,0.116,,,,true,,,high-mag-large-format-telecentric-lens-for-semiconductor,https://www.canrilloptics.com/high-mag-large-format-telecentric-lens-for-semiconductor-product/,灿锐官网型号规格表；范围及条件规格以原始表为准
XF-MH015X128,灿锐光学,FixedMagnification,C,,,0.059,11,,,0.15,128,,,,26.7,,5.5,,73.3,24.2,non-telecentric-lens,https://www.canrilloptics.com/mh-series-for-2-3-sensor-product/,灿锐官网型号规格表；范围及条件规格以原始表为准
XF-MH015X137-1.1C,灿锐光学,FixedMagnification,C,,,0.074,17.6,,,0.15,137,,,,26.6,,6,,117.3,26.4,non-telecentric-lens,https://www.canrilloptics.com/mh-series-for-1-1-sensor-product/,灿锐官网型号规格表；范围及条件规格以原始表为准
XF-MH015X194,灿锐光学,FixedMagnification,C,,,0.047,11,,,0.15,194,,,,25.8,,5.5,,73.3,24.2,non-telecentric-lens,https://www.canrilloptics.com/mh-series-for-2-3-sensor-product/,灿锐官网型号规格表；范围及条件规格以原始表为准
XF-MH015X202B-1.1C,灿锐光学,FixedMagnification,C,,,0.093,17.6,,,0.15,202,,,,28.4,,5.9,,117.3,26,non-telecentric-lens,https://www.canrilloptics.com/mh-series-for-1-1-sensor-product/,灿锐官网型号规格表；范围及条件规格以原始表为准
XF-MH015X255B-1.1C,灿锐光学,FixedMagnification,C,,,0.084,17.6,,,0.15,255,,,,31.5,,6.6,,117.3,29.1,non-telecentric-lens,https://www.canrilloptics.com/mh-series-for-1-1-sensor-product/,灿锐官网型号规格表；范围及条件规格以原始表为准
XF-MH015X279-1.1C,灿锐光学,FixedMagnification,C,,,0.072,17.6,,,0.15,279,,,,30.3,,6.5,,117.3,28.7,non-telecentric-lens,https://www.canrilloptics.com/mh-series-for-1-1-sensor-product/,灿锐官网型号规格表；范围及条件规格以原始表为准
XF-MH015X308,灿锐光学,FixedMagnification,C,,,0.005,11,,,0.15,308,,,,28.8,,6.5,,73.3,28.6,non-telecentric-lens,https://www.canrilloptics.com/mh-series-for-2-3-sensor-product/,灿锐官网型号规格表；范围及条件规格以原始表为准
XF-MH015X339-1.1C,灿锐光学,FixedMagnification,C,,,0.052,17.6,,,0.15,339,,,,25.4,,6,,117.3,26.5,non-telecentric-lens,https://www.canrilloptics.com/mh-series-for-1-1-sensor-product/,灿锐官网型号规格表；范围及条件规格以原始表为准
XF-MH015X359,灿锐光学,FixedMagnification,C,,,0.028,11,,,0.15,359,,,,28.8,,6.5,,73.3,28.6,non-telecentric-lens,https://www.canrilloptics.com/mh-series-for-2-3-sensor-product/,灿锐官网型号规格表；范围及条件规格以原始表为准
XF-MH015X430-1.1,灿锐光学,FixedMagnification,C,,,0.113,17.6,,,0.15,430,,,,26.6,,6.2,,117.3,27.2,non-telecentric-lens,https://www.canrilloptics.com/mh-series-for-1-1-sensor-product/,灿锐官网型号规格表；范围及条件规格以原始表为准
XF-MH015X444,灿锐光学,FixedMagnification,C,,,0.02,11,,,0.15,444,,,,28.4,,6.5,,73.3,28.6,non-telecentric-lens,https://www.canrilloptics.com/mh-series-for-2-3-sensor-product/,灿锐官网型号规格表；范围及条件规格以原始表为准
XF-MH015X554,灿锐光学,FixedMagnification,C,,,0.012,11,,,0.15,554,,,,26.5,,6,,73.3,26.4,non-telecentric-lens,https://www.canrilloptics.com/mh-series-for-2-3-sensor-product/,灿锐官网型号规格表；范围及条件规格以原始表为准
XF-MH015X569-1.1C,灿锐光学,FixedMagnification,C,,,0.049,17.6,,,0.15,569,,,,25.8,,6.2,,117.3,27.5,non-telecentric-lens,https://www.canrilloptics.com/mh-series-for-1-1-sensor-product/,灿锐官网型号规格表；范围及条件规格以原始表为准
XF-MH015X705-1.1C,灿锐光学,FixedMagnification,C,,,0.07,17.6,,,0.15,705,,,,25.4,,6.2,,117.3,27.3,non-telecentric-lens,https://www.canrilloptics.com/mh-series-for-1-1-sensor-product/,灿锐官网型号规格表；范围及条件规格以原始表为准
XF-MH015X707,灿锐光学,FixedMagnification,C,,,0.015,11,,,0.15,707,,,,29.2,,6.5,,73.3,28.6,non-telecentric-lens,https://www.canrilloptics.com/mh-series-for-2-3-sensor-product/,灿锐官网型号规格表；范围及条件规格以原始表为准
XF-MH015X839,灿锐光学,FixedMagnification,C,,,0.011,11,,,0.15,839,,,,27,,6,,73.3,26.4,non-telecentric-lens,https://www.canrilloptics.com/mh-series-for-2-3-sensor-product/,灿锐官网型号规格表；范围及条件规格以原始表为准
XF-MH015X96,灿锐光学,FixedMagnification,C,,,0.111,9,,,0.15,96,,,,28.4,,6,,60,26.4,non-telecentric-lens,https://www.canrilloptics.com/mh-series-for-2-3-sensor-product/,灿锐官网型号规格表；范围及条件规格以原始表为准
XF-MH015X966,灿锐光学,FixedMagnification,C,,,0.01,11,,,0.15,966,,,,31.4,,7,,73.3,30.8,non-telecentric-lens,https://www.canrilloptics.com/mh-series-for-2-3-sensor-product/,灿锐官网型号规格表；范围及条件规格以原始表为准
XF-MH01X1023,灿锐光学,FixedMagnification,C,,,0.014,11,,,0.1,1023,,,,59.1,,6,,110,39.2,non-telecentric-lens,https://www.canrilloptics.com/mh-series-for-2-3-sensor-product/,灿锐官网型号规格表；范围及条件规格以原始表为准
XF-MH01X1213,灿锐光学,FixedMagnification,C,,,0.009,11,,,0.1,1213,,,,70.9,,7,,110,45.7,non-telecentric-lens,https://www.canrilloptics.com/mh-series-for-2-3-sensor-product/,灿锐官网型号规格表；范围及条件规格以原始表为准
XF-MH01X1405,灿锐光学,FixedMagnification,C,,,0.011,11,,,0.1,1405,,,,70.6,,7,,110,46.2,non-telecentric-lens,https://www.canrilloptics.com/mh-series-for-2-3-sensor-product/,灿锐官网型号规格表；范围及条件规格以原始表为准
XF-MH01X146,灿锐光学,FixedMagnification,C,,,0.186,9,,,0.1,146,,,,56.9,,5.5,,90,35.9,non-telecentric-lens,https://www.canrilloptics.com/mh-series-for-2-3-sensor-product/,灿锐官网型号规格表；范围及条件规格以原始表为准
XF-MH01X190,灿锐光学,FixedMagnification,C,,,0.106,11,,,0.1,190,,,,64.3,,6,,110,39.2,non-telecentric-lens,https://www.canrilloptics.com/mh-series-for-2-3-sensor-product/,灿锐官网型号规格表；范围及条件规格以原始表为准
XF-MH01X205-1.1C,灿锐光学,FixedMagnification,C,,,0.117,17.6,,,0.1,205,,,,56.4,,5.7,,176,37.9,non-telecentric-lens,https://www.canrilloptics.com/mh-series-for-1-1-sensor-product/,灿锐官网型号规格表；范围及条件规格以原始表为准
XF-MH01X280,灿锐光学,FixedMagnification,C,,,0.085,11,,,0.1,280,,,,62.2,,6,,110,39.2,non-telecentric-lens,https://www.canrilloptics.com/mh-series-for-2-3-sensor-product/,灿锐官网型号规格表；范围及条件规格以原始表为准
XF-MH01X302B-1.1C,灿锐光学,FixedMagnification,C,,,0.132,17.6,,,0.1,302,,,,61.7,,5.7,,176,37.8,non-telecentric-lens,https://www.canrilloptics.com/mh-series-for-1-1-sensor-product/,灿锐官网型号规格表；范围及条件规格以原始表为准
XF-MH01X382B-1.1C,灿锐光学,FixedMagnification,C,,,0.112,17.6,,,0.1,382,,,,69,,6.4,,176,42.5,non-telecentric-lens,https://www.canrilloptics.com/mh-series-for-1-1-sensor-product/,灿锐官网型号规格表；范围及条件规格以原始表为准
XF-MH01X409-1.1C,灿锐光学,FixedMagnification,C,,,0.14,17.6,,,0.1,409,,,,64.4,,6.2,,176,41.1,non-telecentric-lens,https://www.canrilloptics.com/mh-series-for-1-1-sensor-product/,灿锐官网型号规格表；范围及条件规格以原始表为准
XF-MH01X445,灿锐光学,FixedMagnification,C,,,0.017,11,,,0.1,445,,,,63.4,,6.5,,110,42.5,non-telecentric-lens,https://www.canrilloptics.com/mh-series-for-2-3-sensor-product/,灿锐官网型号规格表；范围及条件规格以原始表为准
XF-MH01X493-1.1C,灿锐光学,FixedMagnification,C,,,0.099,17.6,,,0.1,493,,,,50.5,,5.8,,176,37.7,non-telecentric-lens,https://www.canrilloptics.com/mh-series-for-1-1-sensor-product/,灿锐官网型号规格表；范围及条件规格以原始表为准
XF-MH01X518,灿锐光学,FixedMagnification,C,,,0.049,11,,,0.1,518,,,,63.2,,6.5,,110,42.5,non-telecentric-lens,https://www.canrilloptics.com/mh-series-for-2-3-sensor-product/,灿锐官网型号规格表；范围及条件规格以原始表为准
XF-MH01X629-1.1,灿锐光学,FixedMagnification,C,,,0.105,17.6,,,0.1,629,,,,54.1,,5.9,,176,38.8,non-telecentric-lens,https://www.canrilloptics.com/mh-series-for-1-1-sensor-product/,灿锐官网型号规格表；范围及条件规格以原始表为准
XF-MH01X647,灿锐光学,FixedMagnification,C,,,0.018,11,,,0.1,647,,,,58.4,,6,,110,39.6,non-telecentric-lens,https://www.canrilloptics.com/mh-series-for-2-3-sensor-product/,灿锐官网型号规格表；范围及条件规格以原始表为准
XF-MH01X799,灿锐光学,FixedMagnification,C,,,0.01,11,,,0.1,799,,,,58.5,,6,,110,39.2,non-telecentric-lens,https://www.canrilloptics.com/mh-series-for-2-3-sensor-product/,灿锐官网型号规格表；范围及条件规格以原始表为准
XF-MH01X823-1.1C,灿锐光学,FixedMagnification,C,,,0.047,17.6,,,0.1,823,,,,53.2,,6,,176,39,non-telecentric-lens,https://www.canrilloptics.com/mh-series-for-1-1-sensor-product/,灿锐官网型号规格表；范围及条件规格以原始表为准
XF-MH025X122B-1.1C,灿锐光学,FixedMagnification,C,,,0.054,17.6,,,0.25,122,,,,10.9,,6.3,,70.4,16.6,non-telecentric-lens,https://www.canrilloptics.com/mh-series-for-1-1-sensor-product/,灿锐官网型号规格表；范围及条件规格以原始表为准
XF-MH025X123,灿锐光学,FixedMagnification,C,,,0.028,11,,,0.25,123,,,,10.3,,6,,44,15.8,non-telecentric-lens,https://www.canrilloptics.com/mh-series-for-2-3-sensor-product/,灿锐官网型号规格表；范围及条件规格以原始表为准
XF-MH025X154B-1.1C,灿锐光学,FixedMagnification,C,,,0.029,17.6,,,0.25,154,,,,10.9,,6.3,,70.4,16.7,non-telecentric-lens,https://www.canrilloptics.com/mh-series-for-1-1-sensor-product/,灿锐官网型号规格表；范围及条件规格以原始表为准
XF-MH025X177-1.1C,灿锐光学,FixedMagnification,C,,,0.038,17.6,,,0.25,177,,,,10.5,,6.3,,70.4,16.7,non-telecentric-lens,https://www.canrilloptics.com/mh-series-for-1-1-sensor-product/,灿锐官网型号规格表；范围及条件规格以原始表为准
XF-MH025X195,灿锐光学,FixedMagnification,C,,,0.031,11,,,0.25,195,,,,11.4,,7,,44,18.5,non-telecentric-lens,https://www.canrilloptics.com/mh-series-for-2-3-sensor-product/,灿锐官网型号规格表；范围及条件规格以原始表为准
XF-MH025X212-1.1C,灿锐光学,FixedMagnification,C,,,0.039,17.6,,,0.25,212,,,,10.7,,6.6,,70.4,17.4,non-telecentric-lens,https://www.canrilloptics.com/mh-series-for-1-1-sensor-product/,灿锐官网型号规格表；范围及条件规格以原始表为准
XF-MH025X228,灿锐光学,FixedMagnification,C,,,0.003,11,,,0.25,228,,,,11.4,,7,,44,18.5,non-telecentric-lens,https://www.canrilloptics.com/mh-series-for-2-3-sensor-product/,灿锐官网型号规格表；范围及条件规格以原始表为准
XF-MH025X267-1.1C,灿锐光学,FixedMagnification,C,,,0.121,17.6,,,0.25,267,,,,11,,6.7,,70.4,17.7,non-telecentric-lens,https://www.canrilloptics.com/mh-series-for-1-1-sensor-product/,灿锐官网型号规格表；范围及条件规格以原始表为准
XF-MH025X282,灿锐光学,FixedMagnification,C,,,0.022,11,,,0.25,282,,,,11.1,,7,,44,18.5,non-telecentric-lens,https://www.canrilloptics.com/mh-series-for-2-3-sensor-product/,灿锐官网型号规格表；范围及条件规格以原始表为准
XF-MH025X352,灿锐光学,FixedMagnification,C,,,0.017,11,,,0.25,352,,,,9.5,,6,,44,15.8,non-telecentric-lens,https://www.canrilloptics.com/mh-series-for-2-3-sensor-product/,灿锐官网型号规格表；范围及条件规格以原始表为准
XF-MH025X363-1.1C,灿锐光学,FixedMagnification,C,,,0.051,17.6,,,0.25,363,,,,10.6,,6.8,,70.4,18,non-telecentric-lens,https://www.canrilloptics.com/mh-series-for-1-1-sensor-product/,灿锐官网型号规格表；范围及条件规格以原始表为准
XF-MH025X446,灿锐光学,FixedMagnification,C,,,0.016,11,,,0.25,446,,,,9.6,,6,,44,15.8,non-telecentric-lens,https://www.canrilloptics.com/mh-series-for-2-3-sensor-product/,灿锐官网型号规格表；范围及条件规格以原始表为准
XF-MH025X446-1.1C,灿锐光学,FixedMagnification,C,,,0.067,17.6,,,0.25,446,,,,10.4,,6.7,,70.4,17.8,non-telecentric-lens,https://www.canrilloptics.com/mh-series-for-1-1-sensor-product/,灿锐官网型号规格表；范围及条件规格以原始表为准
XF-MH025X531,灿锐光学,FixedMagnification,C,,,0.012,11,,,0.25,531,,,,10.6,,6.5,,44,17.2,non-telecentric-lens,https://www.canrilloptics.com/mh-series-for-2-3-sensor-product/,灿锐官网型号规格表；范围及条件规格以原始表为准
XF-MH025X55,灿锐光学,FixedMagnification,C,,,0.067,11,,,0.25,55,,,,11.5,,6.5,,36,17.2,non-telecentric-lens,https://www.canrilloptics.com/mh-series-for-2-3-sensor-product/,灿锐官网型号规格表；范围及条件规格以原始表为准
XF-MH025X614,灿锐光学,FixedMagnification,C,,,0.01,11,,,0.25,614,,,,12.2,,7.5,,44,19.8,non-telecentric-lens,https://www.canrilloptics.com/mh-series-for-2-3-sensor-product/,灿锐官网型号规格表；范围及条件规格以原始表为准
XF-MH025X77,灿锐光学,FixedMagnification,C,,,0.048,11,,,0.25,77,,,,9.7,,5.5,,44,14.5,non-telecentric-lens,https://www.canrilloptics.com/mh-series-for-2-3-sensor-product/,灿锐官网型号规格表；范围及条件规格以原始表为准
XF-MH025X83-1.1C,灿锐光学,FixedMagnification,C,,,0.117,17.6,,,0.25,83,,,,9.5,,5.7,,70.4,15.1,non-telecentric-lens,https://www.canrilloptics.com/mh-series-for-1-1-sensor-product/,灿锐官网型号规格表；范围及条件规格以原始表为准
XF-MH02X103-1.1C,灿锐光学,FixedMagnification,C,,,0.088,17.6,,,0.2,103,,,,15.7,,6.3,,88,20.6,non-telecentric-lens,https://www.canrilloptics.com/mh-series-for-1-1-sensor-product/,灿锐官网型号规格表；范围及条件规格以原始表为准
XF-MH02X149,灿锐光学,FixedMagnification,C,,,0.016,11,,,0.2,149,,,,14.6,,5.5,,55,18.2,non-telecentric-lens,https://www.canrilloptics.com/mh-series-for-2-3-sensor-product/,灿锐官网型号规格表；范围及条件规格以原始表为准
XF-MH02X152B-1.1C,灿锐光学,FixedMagnification,C,,,0.049,17.6,,,0.2,152,,,,16.4,,6.1,,88,20.1,non-telecentric-lens,https://www.canrilloptics.com/mh-series-for-1-1-sensor-product/,灿锐官网型号规格表；范围及条件规格以原始表为准
XF-MH02X192B-1.1C,灿锐光学,FixedMagnification,C,,,0.058,17.6,,,0.2,192,,,,18.3,,6.8,,88,22.4,non-telecentric-lens,https://www.canrilloptics.com/mh-series-for-1-1-sensor-product/,灿锐官网型号规格表；范围及条件规格以原始表为准
XF-MH02X215-1.1C,灿锐光学,FixedMagnification,C,,,0.022,17.6,,,0.2,215,,,,18.1,,6.8,,88,22.5,non-telecentric-lens,https://www.canrilloptics.com/mh-series-for-1-1-sensor-product/,灿锐官网型号规格表；范围及条件规格以原始表为准
XF-MH02X236,灿锐光学,FixedMagnification,C,,,0.02,11,,,0.2,236,,,,17.6,,7,,55,23,non-telecentric-lens,https://www.canrilloptics.com/mh-series-for-2-3-sensor-product/,灿锐官网型号规格表；范围及条件规格以原始表为准
XF-MH02X258-1.1C,灿锐光学,FixedMagnification,C,,,0.016,17.6,,,0.2,258,,,,15.5,,6.3,,88,20.7,non-telecentric-lens,https://www.canrilloptics.com/mh-series-for-1-1-sensor-product/,灿锐官网型号规格表；范围及条件规格以原始表为准
XF-MH02X276,灿锐光学,FixedMagnification,C,,,0.011,11,,,0.2,276,,,,17.6,,7,,55,23,non-telecentric-lens,https://www.canrilloptics.com/mh-series-for-2-3-sensor-product/,灿锐官网型号规格表；范围及条件规格以原始表为准
XF-MH02X327-1.1C,灿锐光学,FixedMagnification,C,,,0.118,17.6,,,0.2,327,,,,16.1,,6.5,,88,21.2,non-telecentric-lens,https://www.canrilloptics.com/mh-series-for-1-1-sensor-product/,灿锐官网型号规格表；范围及条件规格以原始表为准
XF-MH02X341,灿锐光学,FixedMagnification,C,,,0.021,11,,,0.2,341,,,,15.8,,6.5,,55,21.3,non-telecentric-lens,https://www.canrilloptics.com/mh-series-for-2-3-sensor-product/,灿锐官网型号规格表；范围及条件规格以原始表为准
XF-MH02X425,灿锐光学,FixedMagnification,C,,,0.015,11,,,0.2,425,,,,16.2,,6.5,,55,21.3,non-telecentric-lens,https://www.canrilloptics.com/mh-series-for-2-3-sensor-product/,灿锐官网型号规格表；范围及条件规格以原始表为准
XF-MH02X437-1.1C,灿锐光学,FixedMagnification,C,,,0.051,17.6,,,0.2,437,,,,15.3,,6.5,,88,21.4,non-telecentric-lens,https://www.canrilloptics.com/mh-series-for-1-1-sensor-product/,灿锐官网型号规格表；范围及条件规格以原始表为准
XF-MH02X541,灿锐光学,FixedMagnification,C,,,0.016,11,,,0.2,541,,,,16.2,,6.5,,55,21.3,non-telecentric-lens,https://www.canrilloptics.com/mh-series-for-2-3-sensor-product/,灿锐官网型号规格表；范围及条件规格以原始表为准
XF-MH02X541-1.1C,灿锐光学,FixedMagnification,C,,,0.069,17.6,,,0.2,541,,,,15.2,,6.5,,88,21.3,non-telecentric-lens,https://www.canrilloptics.com/mh-series-for-1-1-sensor-product/,灿锐官网型号规格表；范围及条件规格以原始表为准
XF-MH02X644,灿锐光学,FixedMagnification,C,,,0.011,11,,,0.2,644,,,,19.2,,7.5,,55,24.6,non-telecentric-lens,https://www.canrilloptics.com/mh-series-for-2-3-sensor-product/,灿锐官网型号规格表；范围及条件规格以原始表为准
XF-MH02X70,灿锐光学,FixedMagnification,C,,,0.054,9,,,0.2,70,,,,16.5,,6,,45,19.9,non-telecentric-lens,https://www.canrilloptics.com/mh-series-for-2-3-sensor-product/,灿锐官网型号规格表；范围及条件规格以原始表为准
XF-MH02X746,灿锐光学,FixedMagnification,C,,,0.01,11,,,0.2,746,,,,19.1,,7.5,,55,24.8,non-telecentric-lens,https://www.canrilloptics.com/mh-series-for-2-3-sensor-product/,灿锐官网型号规格表；范围及条件规格以原始表为准
XF-MH02X96,灿锐光学,FixedMagnification,C,,,0.026,11,,,0.2,96,,,,16.3,,6,,55,19.8,non-telecentric-lens,https://www.canrilloptics.com/mh-series-for-2-3-sensor-product/,灿锐官网型号规格表；范围及条件规格以原始表为准
XF-MH035X110B-1.1C,灿锐光学,FixedMagnification,C,,,0.048,17.6,,,0.35,110,,,,5.9,,6.6,,50.3,12.5,non-telecentric-lens,https://www.canrilloptics.com/mh-series-for-1-1-sensor-product/,灿锐官网型号规格表；范围及条件规格以原始表为准
XF-MH035X132-1.1C,灿锐光学,FixedMagnification,C,,,0.094,17.6,,,0.35,132,,,,5.2,,6.2,,50.3,11.7,non-telecentric-lens,https://www.canrilloptics.com/mh-series-for-1-1-sensor-product/,灿锐官网型号规格表；范围及条件规格以原始表为准
XF-MH035X147,灿锐光学,FixedMagnification,C,,,0.047,11,,,0.35,147,,,,5.8,,7,,31.4,13.2,non-telecentric-lens,https://www.canrilloptics.com/mh-series-for-2-3-sensor-product/,灿锐官网型号规格表；范围及条件规格以原始表为准
XF-MH035X157-1.1C,灿锐光学,FixedMagnification,C,,,0.072,17.6,,,0.35,157,,,,5.1,,6.3,,50.3,11.8,non-telecentric-lens,https://www.canrilloptics.com/mh-series-for-1-1-sensor-product/,灿锐官网型号规格表；范围及条件规格以原始表为准
XF-MH035X172,灿锐光学,FixedMagnification,C,,,0.022,11,,,0.35,172,,,,5.4,,6.5,,31.4,12.3,non-telecentric-lens,https://www.canrilloptics.com/mh-series-for-2-3-sensor-product/,灿锐官网型号规格表；范围及条件规格以原始表为准
XF-MH035X197-1.1C,灿锐光学,FixedMagnification,C,,,0.123,17.6,,,0.35,197,,,,5.5,,6.6,,50.3,12.4,non-telecentric-lens,https://www.canrilloptics.com/mh-series-for-1-1-sensor-product/,灿锐官网型号规格表；范围及条件规格以原始表为准
XF-MH035X212,灿锐光学,FixedMagnification,C,,,0.023,11,,,0.35,212,,,,6.1,,7.5,,31.4,14.1,non-telecentric-lens,https://www.canrilloptics.com/mh-series-for-2-3-sensor-product/,灿锐官网型号规格表；范围及条件规格以原始表为准
XF-MH035X265,灿锐光学,FixedMagnification,C,,,0.02,11,,,0.35,265,,,,5.3,,6.5,,31.4,12.3,non-telecentric-lens,https://www.canrilloptics.com/mh-series-for-2-3-sensor-product/,灿锐官网型号规格表；范围及条件规格以原始表为准
XF-MH035X273-1.1C,灿锐光学,FixedMagnification,C,,,0.051,17.6,,,0.35,273,,,,4.9,,6.4,,50.3,12.3,non-telecentric-lens,https://www.canrilloptics.com/mh-series-for-1-1-sensor-product/,灿锐官网型号规格表；范围及条件规格以原始表为准
XF-MH035X334,灿锐光学,FixedMagnification,C,,,0.016,11,,,0.35,334,,,,5.3,,6.5,,31.4,12.3,non-telecentric-lens,https://www.canrilloptics.com/mh-series-for-2-3-sensor-product/,灿锐官网型号规格表；范围及条件规格以原始表为准
XF-MH035X336-1.1C,灿锐光学,FixedMagnification,C,,,0.063,17.6,,,0.35,336,,,,5.2,,6.6,,50.3,12.7,non-telecentric-lens,https://www.canrilloptics.com/mh-series-for-1-1-sensor-product/,灿锐官网型号规格表；范围及条件规格以原始表为准
XF-MH035X37,灿锐光学,FixedMagnification,C,,,0.112,9,,,0.35,37,,,,6.3,,7,,25.7,13.2,non-telecentric-lens,https://www.canrilloptics.com/mh-series-for-2-3-sensor-product/,灿锐官网型号规格表；范围及条件规格以原始表为准
XF-MH035X399,灿锐光学,FixedMagnification,C,,,0.012,11,,,0.35,399,,,,4.9,,6,,31.4,11.3,non-telecentric-lens,https://www.canrilloptics.com/mh-series-for-2-3-sensor-product/,灿锐官网型号规格表；范围及条件规格以原始表为准
XF-MH035X463,灿锐光学,FixedMagnification,C,,,0.01,11,,,0.35,463,,,,5.3,,6.5,,31.4,12.3,non-telecentric-lens,https://www.canrilloptics.com/mh-series-for-2-3-sensor-product/,灿锐官网型号规格表；范围及条件规格以原始表为准
XF-MH035X55,灿锐光学,FixedMagnification,C,,,0.076,11,,,0.35,55,,,,5.4,,6,,31.4,11.3,non-telecentric-lens,https://www.canrilloptics.com/mh-series-for-2-3-sensor-product/,灿锐官网型号规格表；范围及条件规格以原始表为准
XF-MH035X60-1.1C,灿锐光学,FixedMagnification,C,,,0.157,17.6,,,0.35,60,,,,5.3,,6.1,,50.3,11.6,non-telecentric-lens,https://www.canrilloptics.com/mh-series-for-1-1-sensor-product/,灿锐官网型号规格表；范围及条件规格以原始表为准
XF-MH035X87B-1.1C,灿锐光学,FixedMagnification,C,,,0.078,17.6,,,0.35,87,,,,5.2,,5.9,,50.3,11.1,non-telecentric-lens,https://www.canrilloptics.com/mh-series-for-1-1-sensor-product/,灿锐官网型号规格表；范围及条件规格以原始表为准
XF-MH035X92,灿锐光学,FixedMagnification,C,,,0.06,11,,,0.35,92,,,,5.3,,6,,31.4,11.3,non-telecentric-lens,https://www.canrilloptics.com/mh-series-for-2-3-sensor-product/,灿锐官网型号规格表；范围及条件规格以原始表为准
XF-MH03X102B-1.1C,灿锐光学,FixedMagnification,C,,,0.049,17.6,,,0.3,102,,,,6.9,,5.7,,58.7,12.6,non-telecentric-lens,https://www.canrilloptics.com/mh-series-for-1-1-sensor-product/,灿锐官网型号规格表；范围及条件规格以原始表为准
XF-MH03X105,灿锐光学,FixedMagnification,C,,,0.045,11,,,0.3,105,,,,7.2,,6,,36.7,13.2,non-telecentric-lens,https://www.canrilloptics.com/mh-series-for-2-3-sensor-product/,灿锐官网型号规格表；范围及条件规格以原始表为准
XF-MH03X128B-1.1C,灿锐光学,FixedMagnification,C,,,0.03,17.6,,,0.3,128,,,,7.4,,6.5,,58.7,14.3,non-telecentric-lens,https://www.canrilloptics.com/mh-series-for-1-1-sensor-product/,灿锐官网型号规格表；范围及条件规格以原始表为准
XF-MH03X151-1.1C,灿锐光学,FixedMagnification,C,,,0.07,17.6,,,0.3,151,,,,7.7,,6.6,,58.7,14.5,non-telecentric-lens,https://www.canrilloptics.com/mh-series-for-1-1-sensor-product/,灿锐官网型号规格表；范围及条件规格以原始表为准
XF-MH03X166,灿锐光学,FixedMagnification,C,,,0.04,11,,,0.3,166,,,,7.2,,6.5,,36.7,14.3,non-telecentric-lens,https://www.canrilloptics.com/mh-series-for-2-3-sensor-product/,灿锐官网型号规格表；范围及条件规格以原始表为准
XF-MH03X180-1.1C,灿锐光学,FixedMagnification,C,,,0.058,17.6,,,0.3,180,,,,7.8,,6.9,,58.7,15,non-telecentric-lens,https://www.canrilloptics.com/mh-series-for-1-1-sensor-product/,灿锐官网型号规格表；范围及条件规格以原始表为准
XF-MH03X195,灿锐光学,FixedMagnification,C,,,0.014,11,,,0.3,195,,,,6.6,,6,,36.7,13.2,non-telecentric-lens,https://www.canrilloptics.com/mh-series-for-2-3-sensor-product/,灿锐官网型号规格表；范围及条件规格以原始表为准
XF-MH03X225-1.1C,灿锐光学,FixedMagnification,C,,,0.123,17.6,,,0.3,225,,,,7.1,,6.4,,58.7,14,non-telecentric-lens,https://www.canrilloptics.com/mh-series-for-1-1-sensor-product/,灿锐官网型号规格表；范围及条件规格以原始表为准
XF-MH03X240,灿锐光学,FixedMagnification,C,,,0.023,11,,,0.3,240,,,,7.7,,7,,36.7,15.4,non-telecentric-lens,https://www.canrilloptics.com/mh-series-for-2-3-sensor-product/,灿锐官网型号规格表；范围及条件规格以原始表为准
XF-MH03X301,灿锐光学,FixedMagnification,C,,,0.02,11,,,0.3,301,,,,7.9,,7,,36.7,15.4,non-telecentric-lens,https://www.canrilloptics.com/mh-series-for-2-3-sensor-product/,灿锐官网型号规格表；范围及条件规格以原始表为准
XF-MH03X307-1.1C,灿锐光学,FixedMagnification,C,,,0.052,17.6,,,0.3,307,,,,6.2,,6.2,,58.7,13.6,non-telecentric-lens,https://www.canrilloptics.com/mh-series-for-1-1-sensor-product/,灿锐官网型号规格表；范围及条件规格以原始表为准
XF-MH03X379-1.1C,灿锐光学,FixedMagnification,C,,,0.065,17.6,,,0.3,379,,,,6.6,,6.4,,58.7,14.1,non-telecentric-lens,https://www.canrilloptics.com/mh-series-for-1-1-sensor-product/,灿锐官网型号规格表；范围及条件规格以原始表为准
XF-MH03X380,灿锐光学,FixedMagnification,C,,,0.016,11,,,0.3,380,,,,7.9,,7,,36.7,15.4,non-telecentric-lens,https://www.canrilloptics.com/mh-series-for-2-3-sensor-product/,灿锐官网型号规格表；范围及条件规格以原始表为准
XF-MH03X44,灿锐光学,FixedMagnification,C,,,0.093,9,,,0.3,44,,,,8,,6.5,,30,14.4,non-telecentric-lens,https://www.canrilloptics.com/mh-series-for-2-3-sensor-product/,灿锐官网型号规格表；范围及条件规格以原始表为准
XF-MH03X454,灿锐光学,FixedMagnification,C,,,0.012,11,,,0.3,454,,,,7.4,,6.5,,36.7,14.3,non-telecentric-lens,https://www.canrilloptics.com/mh-series-for-2-3-sensor-product/,灿锐官网型号规格表；范围及条件规格以原始表为准
XF-MH03X526,灿锐光学,FixedMagnification,C,,,0.01,11,,,0.3,526,,,,7.2,,6.5,,36.7,14.3,non-telecentric-lens,https://www.canrilloptics.com/mh-series-for-2-3-sensor-product/,灿锐官网型号规格表；范围及条件规格以原始表为准
XF-MH03X65,灿锐光学,FixedMagnification,C,,,0.064,11,,,0.3,65,,,,7.3,,6,,36.7,13.2,non-telecentric-lens,https://www.canrilloptics.com/mh-series-for-2-3-sensor-product/,灿锐官网型号规格表；范围及条件规格以原始表为准
XF-MH03X69-1.1C,灿锐光学,FixedMagnification,C,,,0.139,17.6,,,0.3,69,,,,6.9,,5.9,,58.7,13,non-telecentric-lens,https://www.canrilloptics.com/mh-series-for-1-1-sensor-product/,灿锐官网型号规格表；范围及条件规格以原始表为准
XF-MH045X107-1.1C,灿锐光学,FixedMagnification,C,,,0.127,17.6,,,0.45,107,,,,3.9,,7.4,,39.1,10.8,non-telecentric-lens,https://www.canrilloptics.com/mh-series-for-1-1-sensor-product/,灿锐官网型号规格表；范围及条件规格以原始表为准
XF-MH045X120,灿锐光学,FixedMagnification,C,,,0.056,11,,,0.45,120,,,,3,,6,,24.4,8.8,non-telecentric-lens,https://www.canrilloptics.com/mh-series-for-2-3-sensor-product/,灿锐官网型号规格表；范围及条件规格以原始表为准
XF-MH045X127-1.1C,灿锐光学,FixedMagnification,C,,,0.09,17.6,,,0.45,127,,,,3.4,,6.7,,39.1,9.9,non-telecentric-lens,https://www.canrilloptics.com/mh-series-for-1-1-sensor-product/,灿锐官网型号规格表；范围及条件规格以原始表为准
XF-MH045X141,灿锐光学,FixedMagnification,C,,,0.035,11,,,0.45,141,,,,3.3,,6.8,,24.4,10.2,non-telecentric-lens,https://www.canrilloptics.com/mh-series-for-2-3-sensor-product/,灿锐官网型号规格表；范围及条件规格以原始表为准
XF-MH045X158-1.1C,灿锐光学,FixedMagnification,C,,,0.121,17.6,,,0.45,158,,,,3.1,,6.2,,39.1,9.1,non-telecentric-lens,https://www.canrilloptics.com/mh-series-for-1-1-sensor-product/,灿锐官网型号规格表；范围及条件规格以原始表为准
XF-MH045X174,灿锐光学,FixedMagnification,C,,,0.023,11,,,0.45,174,,,,2.9,,6,,24.4,8.8,non-telecentric-lens,https://www.canrilloptics.com/mh-series-for-2-3-sensor-product/,灿锐官网型号规格表；范围及条件规格以原始表为准
XF-MH045X217,灿锐光学,FixedMagnification,C,,,0.022,11,,,0.45,217,,,,2.9,,6,,24.4,8.8,non-telecentric-lens,https://www.canrilloptics.com/mh-series-for-2-3-sensor-product/,灿锐官网型号规格表；范围及条件规格以原始表为准
XF-MH045X221-1.1C,灿锐光学,FixedMagnification,C,,,0.05,17.6,,,0.45,221,,,,3.2,,6.9,,39.1,10.2,non-telecentric-lens,https://www.canrilloptics.com/mh-series-for-1-1-sensor-product/,灿锐官网型号规格表；范围及条件规格以原始表为准
XF-MH045X27,灿锐光学,FixedMagnification,C,,,0.172,11,,,0.45,27,,,,4,,7.5,,24.4,11,non-telecentric-lens,https://www.canrilloptics.com/mh-series-for-2-3-sensor-product/,灿锐官网型号规格表；范围及条件规格以原始表为准
XF-MH045X271-1.1C,灿锐光学,FixedMagnification,C,,,0.059,17.6,,,0.45,271,,,,3.4,,7.1,,39.1,10.5,non-telecentric-lens,https://www.canrilloptics.com/mh-series-for-1-1-sensor-product/,灿锐官网型号规格表；范围及条件规格以原始表为准
XF-MH045X272,灿锐光学,FixedMagnification,C,,,0.016,11,,,0.45,272,,,,3.5,,7,,24.4,10.3,non-telecentric-lens,https://www.canrilloptics.com/mh-series-for-2-3-sensor-product/,灿锐官网型号规格表；范围及条件规格以原始表为准
XF-MH045X326,灿锐光学,FixedMagnification,C,,,0.012,11,,,0.45,326,,,,3.2,,6.5,,24.4,9.5,non-telecentric-lens,https://www.canrilloptics.com/mh-series-for-2-3-sensor-product/,灿锐官网型号规格表；范围及条件规格以原始表为准
XF-MH045X43,灿锐光学,FixedMagnification,C,,,0.091,11,,,0.45,43,,,,3.2,,6,,24.4,8.8,non-telecentric-lens,https://www.canrilloptics.com/mh-series-for-2-3-sensor-product/,灿锐官网型号规格表；范围及条件规格以原始表为准
XF-MH045X47-1.1C,灿锐光学,FixedMagnification,C,,,0.18,17.6,,,0.45,47,,,,3.2,,6.1,,39.1,9,non-telecentric-lens,https://www.canrilloptics.com/mh-series-for-1-1-sensor-product/,灿锐官网型号规格表；范围及条件规格以原始表为准
XF-MH045X68B-1.1C,灿锐光学,FixedMagnification,C,,,0.136,17.6,,,0.45,68,,,,3.3,,6.2,,39.1,9.1,non-telecentric-lens,https://www.canrilloptics.com/mh-series-for-1-1-sensor-product/,灿锐官网型号规格表；范围及条件规格以原始表为准
XF-MH045X75,灿锐光学,FixedMagnification,C,,,0.079,11,,,0.45,75,,,,3.2,,6,,24.4,8.8,non-telecentric-lens,https://www.canrilloptics.com/mh-series-for-2-3-sensor-product/,灿锐官网型号规格表；范围及条件规格以原始表为准
XF-MH045X86B-1.1C,灿锐光学,FixedMagnification,C,,,0.082,17.6,,,0.45,86,,,,3.7,,6.9,,39.1,10.2,non-telecentric-lens,https://www.canrilloptics.com/mh-series-for-1-1-sensor-product/,灿锐官网型号规格表；范围及条件规格以原始表为准
XF-MH04X118-1.1C,灿锐光学,FixedMagnification,C,,,0.113,17.6,,,0.4,118,,,,4.7,,7.1,,44,11.7,non-telecentric-lens,https://www.canrilloptics.com/mh-series-for-1-1-sensor-product/,灿锐官网型号规格表；范围及条件规格以原始表为准
XF-MH04X131,灿锐光学,FixedMagnification,C,,,0.053,11,,,0.4,131,,,,4.4,,7,,27.5,11.5,non-telecentric-lens,https://www.canrilloptics.com/mh-series-for-2-3-sensor-product/,灿锐官网型号规格表；范围及条件规格以原始表为准
XF-MH04X140-1.1C,灿锐光学,FixedMagnification,C,,,0.082,17.6,,,0.4,140,,,,4.1,,6.5,,44,10.7,non-telecentric-lens,https://www.canrilloptics.com/mh-series-for-1-1-sensor-product/,灿锐官网型号规格表；范围及条件规格以原始表为准
XF-MH04X155,灿锐光学,FixedMagnification,C,,,0.029,11,,,0.4,155,,,,4.1,,6.5,,27.5,10.7,non-telecentric-lens,https://www.canrilloptics.com/mh-series-for-2-3-sensor-product/,灿锐官网型号规格表；范围及条件规格以原始表为准
XF-MH04X175-1.1C,灿锐光学,FixedMagnification,C,,,0.122,17.6,,,0.4,175,,,,4.4,,6.8,,44,11.3,non-telecentric-lens,https://www.canrilloptics.com/mh-series-for-1-1-sensor-product/,灿锐官网型号规格表；范围及条件规格以原始表为准
XF-MH04X190,灿锐光学,FixedMagnification,C,,,0.023,11,,,0.4,190,,,,3.7,,6,,27.5,9.9,non-telecentric-lens,https://www.canrilloptics.com/mh-series-for-2-3-sensor-product/,灿锐官网型号规格表；范围及条件规格以原始表为准
XF-MH04X238,灿锐光学,FixedMagnification,C,,,0.02,11,,,0.4,238,,,,4.1,,6.5,,27.5,10.7,non-telecentric-lens,https://www.canrilloptics.com/mh-series-for-2-3-sensor-product/,灿锐官网型号规格表；范围及条件规格以原始表为准
XF-MH04X242-1.1C,灿锐光学,FixedMagnification,C,,,0.05,17.6,,,0.4,242,,,,3.9,,6.7,,44,11.1,non-telecentric-lens,https://www.canrilloptics.com/mh-series-for-1-1-sensor-product/,灿锐官网型号规格表；范围及条件规格以原始表为准
XF-MH04X298-1.1C,灿锐光学,FixedMagnification,C,,,0.061,17.6,,,0.4,298,,,,3.5,,6.3,,44,10.4,non-telecentric-lens,https://www.canrilloptics.com/mh-series-for-1-1-sensor-product/,灿锐官网型号规格表；范围及条件规格以原始表为准
XF-MH04X299,灿锐光学,FixedMagnification,C,,,0.016,11,,,0.4,299,,,,4.1,,6.5,,27.5,10.7,non-telecentric-lens,https://www.canrilloptics.com/mh-series-for-2-3-sensor-product/,灿锐官网型号规格表；范围及条件规格以原始表为准
XF-MH04X31,灿锐光学,FixedMagnification,C,,,0.148,11,,,0.4,31,,,,4.7,,7,,27.5,12.3,non-telecentric-lens,https://www.canrilloptics.com/mh-series-for-2-3-sensor-product/,灿锐官网型号规格表；范围及条件规格以原始表为准
XF-MH04X358,灿锐光学,FixedMagnification,C,,,0.012,11,,,0.4,358,,,,4.5,,7,,27.5,11.6,non-telecentric-lens,https://www.canrilloptics.com/mh-series-for-2-3-sensor-product/,灿锐官网型号规格表；范围及条件规格以原始表为准
XF-MH04X49,灿锐光学,FixedMagnification,C,,,0.085,11,,,0.4,49,,,,4.1,,6,,27.5,9.9,non-telecentric-lens,https://www.canrilloptics.com/mh-series-for-2-3-sensor-product/,灿锐官网型号规格表；范围及条件规格以原始表为准
XF-MH04X52-1.1C,灿锐光学,FixedMagnification,C,,,0.17,17.6,,,0.4,52,,,,3.9,,5.9,,44,9.8,non-telecentric-lens,https://www.canrilloptics.com/mh-series-for-1-1-sensor-product/,灿锐官网型号规格表；范围及条件规格以原始表为准
XF-MH04X76B-1.1C,灿锐光学,FixedMagnification,C,,,0.113,17.6,,,0.4,76,,,,4,,6,,44,10,non-telecentric-lens,https://www.canrilloptics.com/mh-series-for-1-1-sensor-product/,灿锐官网型号规格表；范围及条件规格以原始表为准
XF-MH04X82,灿锐光学,FixedMagnification,C,,,0.071,11,,,0.4,82,,,,4.1,,6,,27.5,9.9,non-telecentric-lens,https://www.canrilloptics.com/mh-series-for-2-3-sensor-product/,灿锐官网型号规格表；范围及条件规格以原始表为准
XF-MH04X96B-1.1C,灿锐光学,FixedMagnification,C,,,0.072,17.6,,,0.4,96,,,,4.6,,6.8,,44,11.2,non-telecentric-lens,https://www.canrilloptics.com/mh-series-for-1-1-sensor-product/,灿锐官网型号规格表；范围及条件规格以原始表为准
XF-MH055X102,灿锐光学,FixedMagnification,C,,,0.062,11,,,0.55,102,,,,2.2,,6.5,,20,7.8,non-telecentric-lens,https://www.canrilloptics.com/mh-series-for-2-3-sensor-product/,灿锐官网型号规格表；范围及条件规格以原始表为准
XF-MH055X108-1.1C,灿锐光学,FixedMagnification,C,,,0.104,17.6,,,0.55,108,,,,2.1,,6.5,,32,7.8,non-telecentric-lens,https://www.canrilloptics.com/mh-series-for-1-1-sensor-product/,灿锐官网型号规格表；范围及条件规格以原始表为准
XF-MH055X121,灿锐光学,FixedMagnification,C,,,0.041,11,,,0.55,121,,,,2.2,,6.5,,20,7.8,non-telecentric-lens,https://www.canrilloptics.com/mh-series-for-2-3-sensor-product/,灿锐官网型号规格表；范围及条件规格以原始表为准
XF-MH055X133-1.1C,灿锐光学,FixedMagnification,C,,,0.116,17.6,,,0.55,133,,,,2.2,,6.6,,32,8,non-telecentric-lens,https://www.canrilloptics.com/mh-series-for-1-1-sensor-product/,灿锐官网型号规格表；范围及条件规格以原始表为准
XF-MH055X149,灿锐光学,FixedMagnification,C,,,0.023,11,,,0.55,149,,,,2.1,,6.5,,20,7.8,non-telecentric-lens,https://www.canrilloptics.com/mh-series-for-2-3-sensor-product/,灿锐官网型号规格表；范围及条件规格以原始表为准
XF-MH055X186,灿锐光学,FixedMagnification,C,,,0.022,11,,,0.55,186,,,,2.1,,6.5,,20,7.8,non-telecentric-lens,https://www.canrilloptics.com/mh-series-for-2-3-sensor-product/,灿锐官网型号规格表；范围及条件规格以原始表为准
XF-MH055X189-1.1C,灿锐光学,FixedMagnification,C,,,0.047,17.6,,,0.55,189,,,,2.3,,7.4,,32,8.9,non-telecentric-lens,https://www.canrilloptics.com/mh-series-for-1-1-sensor-product/,灿锐官网型号规格表；范围及条件规格以原始表为准
XF-MH055X21,灿锐光学,FixedMagnification,C,,,0.152,9,,,0.55,21,,,,2.9,,8,,16.4,9.6,non-telecentric-lens,https://www.canrilloptics.com/mh-series-for-2-3-sensor-product/,灿锐官网型号规格表；范围及条件规格以原始表为准
XF-MH055X232,灿锐光学,FixedMagnification,C,,,0.015,11,,,0.55,232,,,,2.3,,7,,20,8.4,non-telecentric-lens,https://www.canrilloptics.com/mh-series-for-2-3-sensor-product/,灿锐官网型号规格表；范围及条件规格以原始表为准
XF-MH055X233-1.1C,灿锐光学,FixedMagnification,C,,,0.055,17.6,,,0.55,233,,,,2.5,,7.6,,32,9.2,non-telecentric-lens,https://www.canrilloptics.com/mh-series-for-1-1-sensor-product/,灿锐官网型号规格表；范围及条件规格以原始表为准
XF-MH055X279,灿锐光学,FixedMagnification,C,,,0.012,11,,,0.55,279,,,,2.3,,7,,20,8.4,non-telecentric-lens,https://www.canrilloptics.com/mh-series-for-2-3-sensor-product/,灿锐官网型号规格表；范围及条件规格以原始表为准
XF-MH055X55B-1.1C,灿锐光学,FixedMagnification,C,,,0.13,17.6,,,0.55,55,,,,2.3,,6.5,,32,7.8,non-telecentric-lens,https://www.canrilloptics.com/mh-series-for-1-1-sensor-product/,灿锐官网型号规格表；范围及条件规格以原始表为准
XF-MH055X64,灿锐光学,FixedMagnification,C,,,0.09,11,,,0.55,64,,,,2.3,,6.5,,20,7.8,non-telecentric-lens,https://www.canrilloptics.com/mh-series-for-2-3-sensor-product/,灿锐官网型号规格表；范围及条件规格以原始表为准
XF-MH055X70B-1.1C,灿锐光学,FixedMagnification,C,,,0.137,17.6,,,0.55,70,,,,2.6,,7.2,,32,8.7,non-telecentric-lens,https://www.canrilloptics.com/mh-series-for-1-1-sensor-product/,灿锐官网型号规格表；范围及条件规格以原始表为准
XF-MH055X92-1.1C,灿锐光学,FixedMagnification,C,,,0.144,17.6,,,0.55,92,,,,2.5,,7.1,,32,8.5,non-telecentric-lens,https://www.canrilloptics.com/mh-series-for-1-1-sensor-product/,灿锐官网型号规格表；范围及条件规格以原始表为准
XF-MH05X110,灿锐光学,FixedMagnification,C,,,0.06,11,,,0.5,110,,,,2.6,,6.5,,22,8.6,non-telecentric-lens,https://www.canrilloptics.com/mh-series-for-2-3-sensor-product/,灿锐官网型号规格表；范围及条件规格以原始表为准
XF-MH05X116-1.1C,灿锐光学,FixedMagnification,C,,,0.096,17.6,,,0.5,116,,,,2.5,,6.3,,35.2,8.3,non-telecentric-lens,https://www.canrilloptics.com/mh-series-for-1-1-sensor-product/,灿锐官网型号规格表；范围及条件规格以原始表为准
XF-MH05X130,灿锐光学,FixedMagnification,C,,,0.038,11,,,0.5,130,,,,2.9,,7,,22,9.2,non-telecentric-lens,https://www.canrilloptics.com/mh-series-for-2-3-sensor-product/,灿锐官网型号规格表；范围及条件规格以原始表为准
XF-MH05X144-1.1C,灿锐光学,FixedMagnification,C,,,0.119,17.6,,,0.5,144,,,,2.6,,6.4,,35.2,8.5,non-telecentric-lens,https://www.canrilloptics.com/mh-series-for-1-1-sensor-product/,灿锐官网型号规格表；范围及条件规格以原始表为准
XF-MH05X160,灿锐光学,FixedMagnification,C,,,0.023,11,,,0.5,160,,,,2.6,,6.5,,22,8.6,non-telecentric-lens,https://www.canrilloptics.com/mh-series-for-2-3-sensor-product/,灿锐官网型号规格表；范围及条件规格以原始表为准
XF-MH05X200,灿锐光学,FixedMagnification,C,,,0.021,11,,,0.5,200,,,,2.8,,7,,22,9.2,non-telecentric-lens,https://www.canrilloptics.com/mh-series-for-2-3-sensor-product/,灿锐官网型号规格表；范围及条件规格以原始表为准
XF-MH05X203-1.1C,灿锐光学,FixedMagnification,C,,,0.049,17.6,,,0.5,203,,,,2.7,,7.2,,35.2,9.5,non-telecentric-lens,https://www.canrilloptics.com/mh-series-for-1-1-sensor-product/,灿锐官网型号规格表；范围及条件规格以原始表为准
XF-MH05X24,灿锐光学,FixedMagnification,C,,,0.191,11,,,0.5,24,,,,3.2,,7.5,,22,9.9,non-telecentric-lens,https://www.canrilloptics.com/mh-series-for-2-3-sensor-product/,灿锐官网型号规格表；范围及条件规格以原始表为准
XF-MH05X249-1.1C,灿锐光学,FixedMagnification,C,,,0.057,17.6,,,0.5,249,,,,2.5,,6.7,,35.2,8.9,non-telecentric-lens,https://www.canrilloptics.com/mh-series-for-1-1-sensor-product/,灿锐官网型号规格表；范围及条件规格以原始表为准
XF-MH05X250,灿锐光学,FixedMagnification,C,,,0.016,11,,,0.5,250,,,,2.8,,7,,22,9.2,non-telecentric-lens,https://www.canrilloptics.com/mh-series-for-2-3-sensor-product/,灿锐官网型号规格表；范围及条件规格以原始表为准
XF-MH05X300,灿锐光学,FixedMagnification,C,,,0.012,11,,,0.5,300,,,,3.1,,7.5,,22,9.9,non-telecentric-lens,https://www.canrilloptics.com/mh-series-for-2-3-sensor-product/,灿锐官网型号规格表；范围及条件规格以原始表为准
XF-MH05X42-1.1C,灿锐光学,FixedMagnification,C,,,0.187,17.6,,,0.5,42,,,,2.6,,6.3,,35.2,8.4,non-telecentric-lens,https://www.canrilloptics.com/mh-series-for-1-1-sensor-product/,灿锐官网型号规格表；范围及条件规格以原始表为准
XF-MH05X61B-1.1C,灿锐光学,FixedMagnification,C,,,0.129,17.6,,,0.5,61,,,,2.8,,6.3,,35.2,8.4,non-telecentric-lens,https://www.canrilloptics.com/mh-series-for-1-1-sensor-product/,灿锐官网型号规格表；范围及条件规格以原始表为准
XF-MH05X69,灿锐光学,FixedMagnification,C,,,0.085,11,,,0.5,69,,,,2.8,,6.5,,22,8.6,non-telecentric-lens,https://www.canrilloptics.com/mh-series-for-2-3-sensor-product/,灿锐官网型号规格表；范围及条件规格以原始表为准
XF-MH05X77B-1.1C,灿锐光学,FixedMagnification,C,,,0.121,17.6,,,0.5,77,,,,3.1,,7.1,,35.2,9.4,non-telecentric-lens,https://www.canrilloptics.com/mh-series-for-1-1-sensor-product/,灿锐官网型号规格表；范围及条件规格以原始表为准
XF-MH05X99-1.1C,灿锐光学,FixedMagnification,C,,,0.137,17.6,,,0.5,99,,,,2.9,,6.9,,35.2,9.1,non-telecentric-lens,https://www.canrilloptics.com/mh-series-for-1-1-sensor-product/,灿锐官网型号规格表；范围及条件规格以原始表为准
XF-MH065X107,灿锐光学,FixedMagnification,C,,,0.045,11,,,0.65,107,,,,1.7,,7,,16.9,7.1,non-telecentric-lens,https://www.canrilloptics.com/mh-series-for-2-3-sensor-product/,灿锐官网型号规格表；范围及条件规格以原始表为准
XF-MH065X116-1.1C,灿锐光学,FixedMagnification,C,,,0.111,17.6,,,0.65,116,,,,1.7,,7,,27.1,7.2,non-telecentric-lens,https://www.canrilloptics.com/mh-series-for-1-1-sensor-product/,灿锐官网型号规格表；范围及条件规格以原始表为准
XF-MH065X132,灿锐光学,FixedMagnification,C,,,0.022,11,,,0.65,132,,,,1.6,,7,,16.9,7.1,non-telecentric-lens,https://www.canrilloptics.com/mh-series-for-2-3-sensor-product/,灿锐官网型号规格表；范围及条件规格以原始表为准
XF-MH065X165,灿锐光学,FixedMagnification,C,,,0.022,11,,,0.65,165,,,,1.7,,7,,16.9,7.1,non-telecentric-lens,https://www.canrilloptics.com/mh-series-for-2-3-sensor-product/,灿锐官网型号规格表；范围及条件规格以原始表为准
XF-MH065X167-1.1C,灿锐光学,FixedMagnification,C,,,0.045,17.6,,,0.65,167,,,,1.6,,7.2,,27.1,7.3,non-telecentric-lens,https://www.canrilloptics.com/mh-series-for-1-1-sensor-product/,灿锐官网型号规格表；范围及条件规格以原始表为准
XF-MH065X204-1.1C,灿锐光学,FixedMagnification,C,,,0.051,17.6,,,0.65,204,,,,1.7,,7.4,,27.1,0.7,non-telecentric-lens,https://www.canrilloptics.com/mh-series-for-1-1-sensor-product/,灿锐官网型号规格表；范围及条件规格以原始表为准
XF-MH065X205,灿锐光学,FixedMagnification,C,,,0.015,11,,,0.65,205,,,,1.8,,7.5,,16.9,7.6,non-telecentric-lens,https://www.canrilloptics.com/mh-series-for-2-3-sensor-product/,灿锐官网型号规格表；范围及条件规格以原始表为准
XF-MH065X247,灿锐光学,FixedMagnification,C,,,0.012,11,,,0.65,247,,,,1.8,,7.5,,16.9,7.6,non-telecentric-lens,https://www.canrilloptics.com/mh-series-for-2-3-sensor-product/,灿锐官网型号规格表；范围及条件规格以原始表为准
XF-MH065X57,灿锐光学,FixedMagnification,C,,,0.095,11,,,0.65,57,,,,1.8,,7,,16.9,7.1,non-telecentric-lens,https://www.canrilloptics.com/mh-series-for-2-3-sensor-product/,灿锐官网型号规格表；范围及条件规格以原始表为准
XF-MH065X81-1.1,灿锐光学,FixedMagnification,C,,,0.153,17.6,,,0.65,81,,,,1.7,,6.8,,27.1,6.9,non-telecentric-lens,https://www.canrilloptics.com/mh-series-for-1-1-sensor-product/,灿锐官网型号规格表；范围及条件规格以原始表为准
XF-MH065X91,灿锐光学,FixedMagnification,C,,,0.065,11,,,0.65,91,,,,1.7,,7,,16.9,7.1,non-telecentric-lens,https://www.canrilloptics.com/mh-series-for-2-3-sensor-product/,灿锐官网型号规格表；范围及条件规格以原始表为准
XF-MH065X95-1.1C,灿锐光学,FixedMagnification,C,,,0.105,17.6,,,0.65,95,,,,1.6,,6.9,,27.1,7,non-telecentric-lens,https://www.canrilloptics.com/mh-series-for-1-1-sensor-product/,灿锐官网型号规格表；范围及条件规格以原始表为准
XF-MH06X101-1.1C,灿锐光学,FixedMagnification,C,,,0.103,17.6,,,0.6,101,,,,1.9,,6.7,,29.3,7.4,non-telecentric-lens,https://www.canrilloptics.com/mh-series-for-1-1-sensor-product/,灿锐官网型号规格表；范围及条件规格以原始表为准
XF-MH06X114,灿锐光学,FixedMagnification,C,,,0.044,11,,,0.6,114,,,,2.2,,7.5,,18.3,8.3,non-telecentric-lens,https://www.canrilloptics.com/mh-series-for-2-3-sensor-product/,灿锐官网型号规格表；范围及条件规格以原始表为准
XF-MH06X124-1.1C,灿锐光学,FixedMagnification,C,,,0.114,17.6,,,0.6,124,,,,1.9,,6.8,,29.3,7.5,non-telecentric-lens,https://www.canrilloptics.com/mh-series-for-1-1-sensor-product/,灿锐官网型号规格表；范围及条件规格以原始表为准
XF-MH06X140,灿锐光学,FixedMagnification,C,,,0.022,11,,,0.6,140,,,,1.9,,7,,18.3,7.7,non-telecentric-lens,https://www.canrilloptics.com/mh-series-for-2-3-sensor-product/,灿锐官网型号规格表；范围及条件规格以原始表为准
XF-MH06X175,灿锐光学,FixedMagnification,C,,,0.021,11,,,0.6,175,,,,2.1,,7.5,,18.3,8.3,non-telecentric-lens,https://www.canrilloptics.com/mh-series-for-2-3-sensor-product/,灿锐官网型号规格表；范围及条件规格以原始表为准
XF-MH06X177-1.1C,灿锐光学,FixedMagnification,C,,,0.046,17.6,,,0.6,177,,,,2,,7.7,,29.3,8.4,non-telecentric-lens,https://www.canrilloptics.com/mh-series-for-1-1-sensor-product/,灿锐官网型号规格表；范围及条件规格以原始表为准
XF-MH06X18,灿锐光学,FixedMagnification,C,,,0.157,9,,,0.6,18,,,,2.4,,8,,15,8.8,non-telecentric-lens,https://www.canrilloptics.com/mh-series-for-2-3-sensor-product/,灿锐官网型号规格表；范围及条件规格以原始表为准
XF-MH06X217-1.1C,灿锐光学,FixedMagnification,C,,,0.053,17.6,,,0.6,217,,,,1.9,,7.2,,29.3,7.9,non-telecentric-lens,https://www.canrilloptics.com/mh-series-for-1-1-sensor-product/,灿锐官网型号规格表；范围及条件规格以原始表为准
XF-MH06X218,灿锐光学,FixedMagnification,C,,,0.015,11,,,0.6,218,,,,2.1,,7.5,,18.3,8.3,non-telecentric-lens,https://www.canrilloptics.com/mh-series-for-2-3-sensor-product/,灿锐官网型号规格表；范围及条件规格以原始表为准
XF-MH06X261,灿锐光学,FixedMagnification,C,,,0.012,11,,,0.6,261,,,,2.3,,8,,18.3,8.8,non-telecentric-lens,https://www.canrilloptics.com/mh-series-for-2-3-sensor-product/,灿锐官网型号规格表；范围及条件规格以原始表为准
XF-MH06X60,灿锐光学,FixedMagnification,C,,,0.094,11,,,0.6,60,,,,2.1,,7,,18.3,7.7,non-telecentric-lens,https://www.canrilloptics.com/mh-series-for-2-3-sensor-product/,灿锐官网型号规格表；范围及条件规格以原始表为准
XF-MH06X64B-1.1C,灿锐光学,FixedMagnification,C,,,0.125,17.6,,,0.6,64,,,,2.2,,7.4,,29.3,8.1,non-telecentric-lens,https://www.canrilloptics.com/mh-series-for-1-1-sensor-product/,灿锐官网型号规格表；范围及条件规格以原始表为准
XF-MH06X86-1.1C,灿锐光学,FixedMagnification,C,,,0.15,17.6,,,0.6,86,,,,2.1,,7.3,,29.3,8.1,non-telecentric-lens,https://www.canrilloptics.com/mh-series-for-1-1-sensor-product/,灿锐官网型号规格表；范围及条件规格以原始表为准
XF-MH06X96,灿锐光学,FixedMagnification,C,,,0.064,11,,,0.6,96,,,,2,,7,,18.3,7.7,non-telecentric-lens,https://www.canrilloptics.com/mh-series-for-2-3-sensor-product/,灿锐官网型号规格表；范围及条件规格以原始表为准
XF-MH075X104-1.1C,灿锐光学,FixedMagnification,C,,,0.106,17.6,,,0.75,104,,,,1.3,,7,,23.5,6.2,non-telecentric-lens,https://www.canrilloptics.com/mh-series-for-1-1-sensor-product/,灿锐官网型号规格表；范围及条件规格以原始表为准
XF-MH075X119,灿锐光学,FixedMagnification,C,,,0.021,11,,,0.75,119,,,,1.3,,7.5,,14.7,6.6,non-telecentric-lens,https://www.canrilloptics.com/mh-series-for-2-3-sensor-product/,灿锐官网型号规格表；范围及条件规格以原始表为准
XF-MH075X149,灿锐光学,FixedMagnification,C,,,0.022,11,,,0.75,149,,,,1.3,,7.5,,14.7,6.6,non-telecentric-lens,https://www.canrilloptics.com/mh-series-for-2-3-sensor-product/,灿锐官网型号规格表；范围及条件规格以原始表为准
XF-MH075X151-1.1C,灿锐光学,FixedMagnification,C,,,0.042,17.6,,,0.75,151,,,,1.2,,7.6,,23.5,6.7,non-telecentric-lens,https://www.canrilloptics.com/mh-series-for-1-1-sensor-product/,灿锐官网型号规格表；范围及条件规格以原始表为准
XF-MH075X185,灿锐光学,FixedMagnification,C,,,0.014,11,,,0.75,185,,,,1.3,,7.5,,14.7,6.6,non-telecentric-lens,https://www.canrilloptics.com/mh-series-for-2-3-sensor-product/,灿锐官网型号规格表；范围及条件规格以原始表为准
XF-MH075X185-1.1C,灿锐光学,FixedMagnification,C,,,0.048,17.6,,,0.75,185,,,,1.4,,7.8,,23.5,6.9,non-telecentric-lens,https://www.canrilloptics.com/mh-series-for-1-1-sensor-product/,灿锐官网型号规格表；范围及条件规格以原始表为准
XF-MH075X73-1.1C,灿锐光学,FixedMagnification,C,,,0.156,17.6,,,0.75,73,,,,1.3,,7.2,,23.5,6.4,non-telecentric-lens,https://www.canrilloptics.com/mh-series-for-1-1-sensor-product/,灿锐官网型号规格表；范围及条件规格以原始表为准
XF-MH075X82,灿锐光学,FixedMagnification,C,,,0.065,11,,,0.75,82,,,,1.3,,7.5,,14.7,6.6,non-telecentric-lens,https://www.canrilloptics.com/mh-series-for-2-3-sensor-product/,灿锐官网型号规格表；范围及条件规格以原始表为准
XF-MH075X85-1.1C,灿锐光学,FixedMagnification,C,,,0.103,17.6,,,0.75,85,,,,1.3,,7.3,,23.5,6.5,non-telecentric-lens,https://www.canrilloptics.com/mh-series-for-1-1-sensor-product/,灿锐官网型号规格表；范围及条件规格以原始表为准
XF-MH075X97,灿锐光学,FixedMagnification,C,,,0.048,11,,,0.75,97,,,,1.4,,7.5,,14.7,6.6,non-telecentric-lens,https://www.canrilloptics.com/mh-series-for-2-3-sensor-product/,灿锐官网型号规格表；范围及条件规格以原始表为准
XF-MH07X102,灿锐光学,FixedMagnification,C,,,0.047,11,,,0.7,102,,,,1.5,,7,,15.7,6.6,non-telecentric-lens,https://www.canrilloptics.com/mh-series-for-2-3-sensor-product/,灿锐官网型号规格表；范围及条件规格以原始表为准
XF-MH07X109-1.1C,灿锐光学,FixedMagnification,C,,,0.109,17.6,,,0.7,109,,,,1.5,,7.3,,25.1,6.8,non-telecentric-lens,https://www.canrilloptics.com/mh-series-for-1-1-sensor-product/,灿锐官网型号规格表；范围及条件规格以原始表为准
XF-MH07X125,灿锐光学,FixedMagnification,C,,,0.021,11,,,0.7,125,,,,1.4,,7,,15.7,6.6,non-telecentric-lens,https://www.canrilloptics.com/mh-series-for-2-3-sensor-product/,灿锐官网型号规格表；范围及条件规格以原始表为准
XF-MH07X157,灿锐光学,FixedMagnification,C,,,0.021,11,,,0.7,157,,,,1.4,,7,,15.7,6.6,non-telecentric-lens,https://www.canrilloptics.com/mh-series-for-2-3-sensor-product/,灿锐官网型号规格表；范围及条件规格以原始表为准
XF-MH07X158-1.1C,灿锐光学,FixedMagnification,C,,,0.044,17.6,,,0.7,158,,,,1.4,,7.4,,25.1,7,non-telecentric-lens,https://www.canrilloptics.com/mh-series-for-1-1-sensor-product/,灿锐官网型号规格表；范围及条件规格以原始表为准
XF-MH07X193-1.1C,灿锐光学,FixedMagnification,C,,,0.049,17.6,,,0.7,193,,,,1.5,,7.6,,25.1,7.2,non-telecentric-lens,https://www.canrilloptics.com/mh-series-for-1-1-sensor-product/,灿锐官网型号规格表；范围及条件规格以原始表为准
XF-MH07X194,灿锐光学,FixedMagnification,C,,,0.014,11,,,0.7,194,,,,1.5,,7.5,,15.7,7.1,non-telecentric-lens,https://www.canrilloptics.com/mh-series-for-2-3-sensor-product/,灿锐官网型号规格表；范围及条件规格以原始表为准
XF-MH07X77-1.1C,灿锐光学,FixedMagnification,C,,,0.155,17.6,,,0.7,77,,,,1.5,,7,,25.1,6.6,non-telecentric-lens,https://www.canrilloptics.com/mh-series-for-1-1-sensor-product/,灿锐官网型号规格表；范围及条件规格以原始表为准
XF-MH07X86,灿锐光学,FixedMagnification,C,,,0.065,11,,,0.7,86,,,,1.4,,7,,15.7,6.6,non-telecentric-lens,https://www.canrilloptics.com/mh-series-for-2-3-sensor-product/,灿锐官网型号规格表；范围及条件规格以原始表为准
XF-MH07X89-1.1C,灿锐光学,FixedMagnification,C,,,0.105,17.6,,,0.7,89,,,,1.4,,7.1,,25.1,6.7,non-telecentric-lens,https://www.canrilloptics.com/mh-series-for-1-1-sensor-product/,灿锐官网型号规格表；范围及条件规格以原始表为准
XF-MH085X110,灿锐光学,FixedMagnification,C,,,0.02,11,,,0.85,110,,,,1.1,,8,,12.9,6.2,non-telecentric-lens,https://www.canrilloptics.com/mh-series-for-2-3-sensor-product/,灿锐官网型号规格表；范围及条件规格以原始表为准
XF-MH085X138,灿锐光学,FixedMagnification,C,,,0.021,11,,,0.85,138,,,,1.1,,8,,12.9,6.2,non-telecentric-lens,https://www.canrilloptics.com/mh-series-for-2-3-sensor-product/,灿锐官网型号规格表；范围及条件规格以原始表为准
XF-MH085X138-1.1C,灿锐光学,FixedMagnification,C,,,0.04,17.6,,,0.85,138,,,,1,,8,,20.7,6.2,non-telecentric-lens,https://www.canrilloptics.com/mh-series-for-1-1-sensor-product/,灿锐官网型号规格表；范围及条件规格以原始表为准
XF-MH085X169-1.1C,灿锐光学,FixedMagnification,C,,,0.045,17.6,,,0.85,169,,,,1.1,,8.2,,20.7,6.4,non-telecentric-lens,https://www.canrilloptics.com/mh-series-for-1-1-sensor-product/,灿锐官网型号规格表；范围及条件规格以原始表为准
XF-MH085X170,灿锐光学,FixedMagnification,C,,,0.013,11,,,0.85,170,,,,1.1,,8,,12.9,6.2,non-telecentric-lens,https://www.canrilloptics.com/mh-series-for-2-3-sensor-product/,灿锐官网型号规格表；范围及条件规格以原始表为准
XF-MH085X75,灿锐光学,FixedMagnification,C,,,0.065,11,,,0.85,75,,,,1.1,,8,,12.9,6.2,non-telecentric-lens,https://www.canrilloptics.com/mh-series-for-2-3-sensor-product/,灿锐官网型号规格表；范围及条件规格以原始表为准
XF-MH085X75-1.1C,灿锐光学,FixedMagnification,C,,,0.105,17.6,,,0.85,75,,,,0.9,,7.2,,20.7,5.4,non-telecentric-lens,https://www.canrilloptics.com/mh-series-for-1-1-sensor-product/,灿锐官网型号规格表；范围及条件规格以原始表为准
XF-MH085X90,灿锐光学,FixedMagnification,C,,,0.048,11,,,0.85,90,,,,1.1,,8,,12.9,6.2,non-telecentric-lens,https://www.canrilloptics.com/mh-series-for-2-3-sensor-product/,灿锐官网型号规格表；范围及条件规格以原始表为准
XF-MH085X94-1.1C,灿锐光学,FixedMagnification,C,,,0.1,17.6,,,0.85,94,,,,1,,7.4,,20.7,5.8,non-telecentric-lens,https://www.canrilloptics.com/mh-series-for-1-1-sensor-product/,灿锐官网型号规格表；范围及条件规格以原始表为准
XF-MH08X114,灿锐光学,FixedMagnification,C,,,0.02,11,,,0.8,114,,,,1.2,,7.5,,13.8,6.2,non-telecentric-lens,https://www.canrilloptics.com/mh-series-for-2-3-sensor-product/,灿锐官网型号规格表；范围及条件规格以原始表为准
XF-MH08X143,灿锐光学,FixedMagnification,C,,,0.021,11,,,0.8,143,,,,1.2,,7.5,,13.8,6.2,non-telecentric-lens,https://www.canrilloptics.com/mh-series-for-2-3-sensor-product/,灿锐官网型号规格表；范围及条件规格以原始表为准
XF-MH08X144-1.1C,灿锐光学,FixedMagnification,C,,,0.041,17.6,,,0.8,144,,,,1,,7.2,,22,5.9,non-telecentric-lens,https://www.canrilloptics.com/mh-series-for-1-1-sensor-product/,灿锐官网型号规格表；范围及条件规格以原始表为准
XF-MH08X176-1.1C,灿锐光学,FixedMagnification,C,,,0.046,17.6,,,0.8,176,,,,1.1,,7.5,,22,6.2,non-telecentric-lens,https://www.canrilloptics.com/mh-series-for-1-1-sensor-product/,灿锐官网型号规格表；范围及条件规格以原始表为准
XF-MH08X177,灿锐光学,FixedMagnification,C,,,0.014,11,,,0.8,177,,,,1.2,,7.5,,13.8,6.2,non-telecentric-lens,https://www.canrilloptics.com/mh-series-for-2-3-sensor-product/,灿锐官网型号规格表；范围及条件规格以原始表为准
XF-MH08X70-1.1C,灿锐光学,FixedMagnification,C,,,0.156,17.6,,,0.8,70,,,,1.2,,7.4,,22,6.1,non-telecentric-lens,https://www.canrilloptics.com/mh-series-for-1-1-sensor-product/,灿锐官网型号规格表；范围及条件规格以原始表为准
XF-MH08X78,灿锐光学,FixedMagnification,C,,,0.065,11,,,0.8,78,,,,1.2,,7.5,,13.8,6.2,non-telecentric-lens,https://www.canrilloptics.com/mh-series-for-2-3-sensor-product/,灿锐官网型号规格表；范围及条件规格以原始表为准
XF-MH08X81-1.1C,灿锐光学,FixedMagnification,C,,,0.105,17.6,,,0.8,81,,,,1.1,,7.5,,22,6.2,non-telecentric-lens,https://www.canrilloptics.com/mh-series-for-1-1-sensor-product/,灿锐官网型号规格表；范围及条件规格以原始表为准
XF-MH08X93,灿锐光学,FixedMagnification,C,,,0.048,11,,,0.8,93,,,,1.2,,7.5,,13.8,6.2,non-telecentric-lens,https://www.canrilloptics.com/mh-series-for-2-3-sensor-product/,灿锐官网型号规格表；范围及条件规格以原始表为准
XF-MH08X98-1.1C,灿锐光学,FixedMagnification,C,,,0.103,17.6,,,0.8,98,,,,1.2,,7.7,,22,6.3,non-telecentric-lens,https://www.canrilloptics.com/mh-series-for-1-1-sensor-product/,灿锐官网型号规格表；范围及条件规格以原始表为准
XF-MH095X102,灿锐光学,FixedMagnification,C,,,0.019,11,,,0.95,102,,,,0.88,,8,,11.6,5.6,non-telecentric-lens,https://www.canrilloptics.com/mh-series-for-2-3-sensor-product/,灿锐官网型号规格表；范围及条件规格以原始表为准
XF-MH095X128,灿锐光学,FixedMagnification,C,,,0.021,11,,,0.95,128,,,,0.88,,8,,11.6,5.6,non-telecentric-lens,https://www.canrilloptics.com/mh-series-for-2-3-sensor-product/,灿锐官网型号规格表；范围及条件规格以原始表为准
XF-MH095X129-1.1C,灿锐光学,FixedMagnification,C,,,0.037,17.6,,,0.95,129,,,,0.9,,8.5,,18.5,5.9,non-telecentric-lens,https://www.canrilloptics.com/mh-series-for-1-1-sensor-product/,灿锐官网型号规格表；范围及条件规格以原始表为准
XF-MH095X156-1.1C,灿锐光学,FixedMagnification,C,,,0.042,17.6,,,0.95,156,,,,0.9,,8.7,,18.5,6,non-telecentric-lens,https://www.canrilloptics.com/mh-series-for-1-1-sensor-product/,灿锐官网型号规格表；范围及条件规格以原始表为准
XF-MH095X70,灿锐光学,FixedMagnification,C,,,0.064,11,,,0.95,70,,,,0.88,,8,,11.6,5.6,non-telecentric-lens,https://www.canrilloptics.com/mh-series-for-2-3-sensor-product/,灿锐官网型号规格表；范围及条件规格以原始表为准
XF-MH095X83,灿锐光学,FixedMagnification,C,,,0.048,11,,,0.95,83,,,,0.9,,8,,11.6,5.6,non-telecentric-lens,https://www.canrilloptics.com/mh-series-for-2-3-sensor-product/,灿锐官网型号规格表；范围及条件规格以原始表为准
XF-MH09X106,灿锐光学,FixedMagnification,C,,,0.02,11,,,0.9,106,,,,1,,8,,12.2,5.9,non-telecentric-lens,https://www.canrilloptics.com/mh-series-for-2-3-sensor-product/,灿锐官网型号规格表；范围及条件规格以原始表为准
XF-MH09X133,灿锐光学,FixedMagnification,C,,,0.021,11,,,0.9,133,,,,1,,8,,12.2,5.9,non-telecentric-lens,https://www.canrilloptics.com/mh-series-for-2-3-sensor-product/,灿锐官网型号规格表；范围及条件规格以原始表为准
XF-MH09X133-1.1C,灿锐光学,FixedMagnification,C,,,0.039,17.6,,,0.9,133,,,,0.9,,8.3,,19.6,6.1,non-telecentric-lens,https://www.canrilloptics.com/mh-series-for-1-1-sensor-product/,灿锐官网型号规格表；范围及条件规格以原始表为准
XF-MH09X162-1.1C,灿锐光学,FixedMagnification,C,,,0.043,17.6,,,0.9,162,,,,0.9,,7.9,,19.6,5.8,non-telecentric-lens,https://www.canrilloptics.com/mh-series-for-1-1-sensor-product/,灿锐官网型号规格表；范围及条件规格以原始表为准
XF-MH09X72,灿锐光学,FixedMagnification,C,,,0.064,11,,,0.9,72,,,,1.1,,8.5,,12.2,6.2,non-telecentric-lens,https://www.canrilloptics.com/mh-series-for-2-3-sensor-product/,灿锐官网型号规格表；范围及条件规格以原始表为准
XF-MH09X86,灿锐光学,FixedMagnification,C,,,0.048,11,,,0.9,86,,,,1,,8,,12.2,5.9,non-telecentric-lens,https://www.canrilloptics.com/mh-series-for-2-3-sensor-product/,灿锐官网型号规格表；范围及条件规格以原始表为准
XF-MH1X124,灿锐光学,FixedMagnification,C,,,0.021,11,,,1,124,,,,0.9,,8.5,,11,5.6,non-telecentric-lens,https://www.canrilloptics.com/mh-series-for-2-3-sensor-product/,灿锐官网型号规格表；范围及条件规格以原始表为准
XF-MH1X125-1.1C,灿锐光学,FixedMagnification,C,,,0.036,17.6,,,1,125,,,,0.8,,8.7,,17.6,5.7,non-telecentric-lens,https://www.canrilloptics.com/mh-series-for-1-1-sensor-product/,灿锐官网型号规格表；范围及条件规格以原始表为准
XF-MH1X151-1.1C,灿锐光学,FixedMagnification,C,,,0.04,17.6,,,1,151,,,,0.8,,8.9,,17.6,5.9,non-telecentric-lens,https://www.canrilloptics.com/mh-series-for-1-1-sensor-product/,灿锐官网型号规格表；范围及条件规格以原始表为准
XF-MH1X68,灿锐光学,FixedMagnification,C,,,0.063,11,,,1,68,,,,0.85,,8.5,,11,5.6,non-telecentric-lens,https://www.canrilloptics.com/mh-series-for-2-3-sensor-product/,灿锐官网型号规格表；范围及条件规格以原始表为准
XF-MH1X81,灿锐光学,FixedMagnification,C,,,0.048,11,,,1,81,,,,0.87,,8.5,,11,5.6,non-telecentric-lens,https://www.canrilloptics.com/mh-series-for-2-3-sensor-product/,灿锐官网型号规格表；范围及条件规格以原始表为准
XF-MH1X99,灿锐光学,FixedMagnification,C,,,0.019,11,,,1,99,,,,0.85,,8.5,,11,5.6,non-telecentric-lens,https://www.canrilloptics.com/mh-series-for-2-3-sensor-product/,灿锐官网型号规格表；范围及条件规格以原始表为准
XF-MT05X110,灿锐光学,Telecentric,C,,,0.11,11,,,0.5,110,,,0.06,4.3,,9.6,,22,12.7,standard-resolution-telecentric-lens,https://www.canrilloptics.com/mt-series-telecentric-lens-product/,灿锐官网型号规格表；范围及条件规格以原始表为准
XF-MT05X110D,灿锐光学,Telecentric,C,,,0.092,11,,,0.5,110,,,0.06,4.3,,9.6,,22,12.7,standard-resolution-telecentric-lens,https://www.canrilloptics.com/mt-series-telecentric-lens-product/,灿锐官网型号规格表；范围及条件规格以原始表为准
XF-MT05X65,灿锐光学,Telecentric,C,,,0.001,11,,,0.5,65,,,0.26,4.2,,9.6,,22,12.7,standard-resolution-telecentric-lens,https://www.canrilloptics.com/mt-series-telecentric-lens-product/,灿锐官网型号规格表；范围及条件规格以原始表为准
XF-MT05X65D,灿锐光学,Telecentric,C,,,0.008,11,,,0.5,65,,,0.25,4.3,,9.6,,22,12.8,standard-resolution-telecentric-lens,https://www.canrilloptics.com/mt-series-telecentric-lens-product/,灿锐官网型号规格表；范围及条件规格以原始表为准
XF-MT06X130-F10,灿锐光学,Telecentric,C,,,0.03,11,,,0.6,130,,,0.036,3.1,,10,,18,11,standard-resolution-telecentric-lens,https://www.canrilloptics.com/t-series-long-wd-telecentric-lens-product/,灿锐官网型号规格表；范围及条件规格以原始表为准
XF-MT08X110,灿锐光学,Telecentric,C,,,0.012,11,,,0.8,110,,,0.08,1.7,,10,,13.8,8.3,standard-resolution-telecentric-lens,https://www.canrilloptics.com/mt-series-telecentric-lens-product/,灿锐官网型号规格表；范围及条件规格以原始表为准
XF-MT08X110D,灿锐光学,Telecentric,C,,,0.012,11,,,0.8,110,,,0.08,1.7,,10,,13.8,8.3,standard-resolution-telecentric-lens,https://www.canrilloptics.com/mt-series-telecentric-lens-product/,灿锐官网型号规格表；范围及条件规格以原始表为准
XF-MT08X65,灿锐光学,Telecentric,C,,,0.086,11,,,0.8,65,,,0.08,1.7,,10,,13.8,8.3,standard-resolution-telecentric-lens,https://www.canrilloptics.com/mt-series-telecentric-lens-product/,灿锐官网型号规格表；范围及条件规格以原始表为准
XF-MT08X65D,灿锐光学,Telecentric,C,,,0.083,11,,,0.8,65,,,0.07,1.7,,10,,13.8,8.3,standard-resolution-telecentric-lens,https://www.canrilloptics.com/mt-series-telecentric-lens-product/,灿锐官网型号规格表；范围及条件规格以原始表为准
XF-MT1.5X110B,灿锐光学,Telecentric,C,,,0.023,11,,,1.5,110,,,0.15,0.59,,11.8,,7.3,5.2,standard-resolution-telecentric-lens,https://www.canrilloptics.com/mt-series-telecentric-lens-product/,灿锐官网型号规格表；范围及条件规格以原始表为准
XF-MT1.5X110DB,灿锐光学,Telecentric,C,,,0.023,11,,,1.5,110,,,0.15,0.59,,11.8,,7.3,5.2,standard-resolution-telecentric-lens,https://www.canrilloptics.com/mt-series-telecentric-lens-product/,灿锐官网型号规格表；范围及条件规格以原始表为准
XF-MT1.5X65,灿锐光学,Telecentric,C,,,0.105,11,,,1.5,65,,,0.15,0.55,,11.9,,7.3,5.2,standard-resolution-telecentric-lens,https://www.canrilloptics.com/mt-series-telecentric-lens-product/,灿锐官网型号规格表；范围及条件规格以原始表为准
XF-MT1.5X65D,灿锐光学,Telecentric,C,,,0.105,11,,,1.5,65,,,0.15,0.55,,11.9,,7.3,5.2,standard-resolution-telecentric-lens,https://www.canrilloptics.com/mt-series-telecentric-lens-product/,灿锐官网型号规格表；范围及条件规格以原始表为准
XF-MT1X110,灿锐光学,Telecentric,C,,,0.03,11,,,1,110,,,0.07,1.2,,11.1,,11,7.3,standard-resolution-telecentric-lens,https://www.canrilloptics.com/mt-series-telecentric-lens-product/,灿锐官网型号规格表；范围及条件规格以原始表为准
XF-MT1X110D,灿锐光学,Telecentric,C,,,0.032,11,,,1,110,,,0.07,1.2,,11.1,,11,7.3,standard-resolution-telecentric-lens,https://www.canrilloptics.com/mt-series-telecentric-lens-product/,灿锐官网型号规格表；范围及条件规格以原始表为准
XF-MT1X200,灿锐光学,Telecentric,C,,,0.07,11,,,1,200,,,0.2,1.6,,14.3,,11,9.4,standard-resolution-telecentric-lens,https://www.canrilloptics.com/t-series-long-wd-telecentric-lens-product/,灿锐官网型号规格表；范围及条件规格以原始表为准
XF-MT1X200D,灿锐光学,Telecentric,C,,,0.07,11,,,1,200,,,0.19,1.6,,14.3,,11,9.4,standard-resolution-telecentric-lens,https://www.canrilloptics.com/t-series-long-wd-telecentric-lens-product/,灿锐官网型号规格表；范围及条件规格以原始表为准
XF-MT1X65,灿锐光学,Telecentric,C,,,0.038,11,,,1,65,,,0.06,1.2,,11.1,,11,7.3,standard-resolution-telecentric-lens,https://www.canrilloptics.com/mt-series-telecentric-lens-product/,灿锐官网型号规格表；范围及条件规格以原始表为准
XF-MT1X65D,灿锐光学,Telecentric,C,,,0.039,11,,,1,65,,,0.06,1.2,,11.1,,11,7.3,standard-resolution-telecentric-lens,https://www.canrilloptics.com/mt-series-telecentric-lens-product/,灿锐官网型号规格表；范围及条件规格以原始表为准
XF-MT2X110-1.1C,灿锐光学,Telecentric,C interface,,,0.126,17.6,,,2,110,,,0.24,0.35,,13.5,,8.8,4.4,standard-resolution-telecentric-lens,https://www.canrilloptics.com/mt-series-1-1-inch-telecentric-lens-product/,灿锐官网型号规格表；范围及条件规格以原始表为准
XF-MT2X110B,灿锐光学,Telecentric,C,,,0.036,11,,,2,110,,,0.15,0.37,,13.5,,5.5,4.5,standard-resolution-telecentric-lens,https://www.canrilloptics.com/mt-series-telecentric-lens-product/,灿锐官网型号规格表；范围及条件规格以原始表为准
XF-MT2X110D-1.1C,灿锐光学,Telecentric,C interface,,,0.126,17.6,,,2,110,,,0.24,0.35,,13.5,,8.8,4.4,standard-resolution-telecentric-lens,https://www.canrilloptics.com/mt-series-1-1-inch-telecentric-lens-product/,灿锐官网型号规格表；范围及条件规格以原始表为准
XF-MT2X110DB,灿锐光学,Telecentric,C,,,0.036,11,,,2,110,,,0.15,0.37,,13.5,,5.5,4.5,standard-resolution-telecentric-lens,https://www.canrilloptics.com/mt-series-telecentric-lens-product/,灿锐官网型号规格表；范围及条件规格以原始表为准
XF-MT2X65,灿锐光学,Telecentric,C,,,0.041,11,,,2.14,65,,,0.11,0.35,,14.4,,5.1,4.5,standard-resolution-telecentric-lens,https://www.canrilloptics.com/mt-series-telecentric-lens-product/,灿锐官网型号规格表；范围及条件规格以原始表为准
XF-MT2X65D,灿锐光学,Telecentric,C,,,0.041,11,,,2.14,65,,,0.11,0.35,,14.4,,5.1,4.5,standard-resolution-telecentric-lens,https://www.canrilloptics.com/mt-series-telecentric-lens-product/,灿锐官网型号规格表；范围及条件规格以原始表为准
XF-MT3X110,灿锐光学,Telecentric,C,,,0.037,11,,,3,110,,,0.15,0.22,,18.2,,3.7,4,standard-resolution-telecentric-lens,https://www.canrilloptics.com/mt-series-telecentric-lens-product/,灿锐官网型号规格表；范围及条件规格以原始表为准
XF-MT3X110-1.1C,灿锐光学,Telecentric,C interface,,,0.067,17.6,,,3,110,,,0.24,0.22,,20,,5.9,4.4,standard-resolution-telecentric-lens,https://www.canrilloptics.com/mt-series-1-1-inch-telecentric-lens-product/,灿锐官网型号规格表；范围及条件规格以原始表为准
XF-MT3X110D,灿锐光学,Telecentric,C,,,0.037,11,,,3,110,,,0.15,0.22,,18.2,,3.7,4,standard-resolution-telecentric-lens,https://www.canrilloptics.com/mt-series-telecentric-lens-product/,灿锐官网型号规格表；范围及条件规格以原始表为准
XF-MT3X110D-1.1C,灿锐光学,Telecentric,C interface,,,0.067,17.6,,,3,110,,,0.24,0.22,,20,,5.9,4.4,standard-resolution-telecentric-lens,https://www.canrilloptics.com/mt-series-1-1-inch-telecentric-lens-product/,灿锐官网型号规格表；范围及条件规格以原始表为准
XF-MT3X65,灿锐光学,Telecentric,C,,,0.038,11,,,3,65,,,0.15,0.19,,15.7,,3.7,3.5,standard-resolution-telecentric-lens,https://www.canrilloptics.com/mt-series-telecentric-lens-product/,灿锐官网型号规格表；范围及条件规格以原始表为准
XF-MT3X65D,灿锐光学,Telecentric,C,,,0.038,11,,,3,65,,,0.15,0.19,,15.7,,3.7,3.5,standard-resolution-telecentric-lens,https://www.canrilloptics.com/mt-series-telecentric-lens-product/,灿锐官网型号规格表；范围及条件规格以原始表为准
XF-MT4X110,灿锐光学,Telecentric,C,,,0.055,11,,,4,110,,,0.04,0.13,,22.1,,2.8,3.7,standard-resolution-telecentric-lens,https://www.canrilloptics.com/mt-series-telecentric-lens-product/,灿锐官网型号规格表；范围及条件规格以原始表为准
XF-MT4X110-1.1C,灿锐光学,Telecentric,C interface,,,0.13,17.6,,,4,110,,,0.07,0.12,,25,,4.4,4.1,standard-resolution-telecentric-lens,https://www.canrilloptics.com/mt-series-1-1-inch-telecentric-lens-product/,灿锐官网型号规格表；范围及条件规格以原始表为准
XF-MT4X110D,灿锐光学,Telecentric,C,,,0.055,11,,,4,110,,,0.04,0.13,,22.1,,2.8,3.7,standard-resolution-telecentric-lens,https://www.canrilloptics.com/mt-series-telecentric-lens-product/,灿锐官网型号规格表；范围及条件规格以原始表为准
XF-MT4X110D-1.1C,灿锐光学,Telecentric,C interface,,,0.13,17.6,,,4,110,,,0.07,0.12,,25,,4.4,4.1,standard-resolution-telecentric-lens,https://www.canrilloptics.com/mt-series-1-1-inch-telecentric-lens-product/,灿锐官网型号规格表；范围及条件规格以原始表为准
XF-MT4X65,灿锐光学,Telecentric,C,,,0.064,11,,,4,65,,,0.11,0.11,,17.8,,2.8,2.9,standard-resolution-telecentric-lens,https://www.canrilloptics.com/mt-series-telecentric-lens-product/,灿锐官网型号规格表；范围及条件规格以原始表为准
XF-MT4X65D,灿锐光学,Telecentric,C,,,0.064,11,,,4,65,,,0.11,0.11,,17.8,,2.8,2.9,standard-resolution-telecentric-lens,https://www.canrilloptics.com/mt-series-telecentric-lens-product/,灿锐官网型号规格表；范围及条件规格以原始表为准
XF-MT6X110,灿锐光学,Telecentric,C,,,0.03,11,,,6,110,,,0.03,0.09,,33.2,,1.8,3.7,standard-resolution-telecentric-lens,https://www.canrilloptics.com/mt-series-telecentric-lens-product/,灿锐官网型号规格表；范围及条件规格以原始表为准
XF-MT6X110-1.1C,灿锐光学,Telecentric,C interface,,,0.1,17.6,,,6,110,,,0.04,0.08,,37.3,,2.9,4.1,standard-resolution-telecentric-lens,https://www.canrilloptics.com/mt-series-1-1-inch-telecentric-lens-product/,灿锐官网型号规格表；范围及条件规格以原始表为准
XF-MT6X110D,灿锐光学,Telecentric,C,,,0.03,11,,,6,110,,,0.03,0.09,,33.2,,1.8,3.7,standard-resolution-telecentric-lens,https://www.canrilloptics.com/mt-series-telecentric-lens-product/,灿锐官网型号规格表；范围及条件规格以原始表为准
XF-MT6X110D-1.1C,灿锐光学,Telecentric,C interface,,,0.1,17.6,,,6,110,,,0.04,0.08,,37.3,,2.9,4.1,standard-resolution-telecentric-lens,https://www.canrilloptics.com/mt-series-1-1-inch-telecentric-lens-product/,灿锐官网型号规格表；范围及条件规格以原始表为准
XF-MT6X65,灿锐光学,Telecentric,C,,,0.028,11,,,6,65,,,0.15,0.08,,26.6,,1.8,2.9,standard-resolution-telecentric-lens,https://www.canrilloptics.com/mt-series-telecentric-lens-product/,灿锐官网型号规格表；范围及条件规格以原始表为准
XF-MT6X65D,灿锐光学,Telecentric,C,,,0.028,11,,,6,65,,,0.15,0.08,,26.6,,1.8,2.9,standard-resolution-telecentric-lens,https://www.canrilloptics.com/mt-series-telecentric-lens-product/,灿锐官网型号规格表；范围及条件规格以原始表为准
XF-PTL03708-C,灿锐光学,Telecentric,C,,,0.11,8,,,0.218,110,,,0.03,12.8,,5.5,,36.7,16.6,ptl-series-telecentric-lens,https://www.canrilloptics.com/8mm-sensor-telecentric-lens-product/,灿锐官网型号规格表；范围及条件规格以原始表为准
XF-PTL03711-C-VI,灿锐光学,Telecentric,C,,,0.076,11,,,0.3,110,,,0.03,,,,,36.7,,ptl-series-telecentric-lens,https://www.canrilloptics.com/11mm-sensor-telecentric-lens-product/,灿锐官网型号规格表；范围及条件规格以原始表为准
XF-PTL03716-C-VI,灿锐光学,Telecentric,C,,,0.03,16.2,,,0.441,110,,,0.03,,,,,36.7,,ptl-series-telecentric-lens,https://www.canrilloptics.com/16-2mm-sensor-telecentric-lens-product/,灿锐官网型号规格表；范围及条件规格以原始表为准
XF-PTL03719-C-VI,灿锐光学,Telecentric,C,,,0.026,18.5,,,0.504,110,,,0.03,,,,,36.7,,ptl-series-telecentric-lens,https://www.canrilloptics.com/18-5mm-sensor-telecentric-lens-product/,灿锐官网型号规格表；范围及条件规格以原始表为准
XF-PTL03723-C-VI,灿锐光学,Telecentric,C,,,0.023,23,,,0.634,110,,,0.03,,,,,36.3,,ptl-series-telecentric-lens,https://www.canrilloptics.com/23mm-sensor-telecentric-lens-product/,灿锐官网型号规格表；范围及条件规格以原始表为准
XF-PTL03729-F-VI,灿锐光学,Telecentric,F,,,0.052,29,,,0.793,110,,,0.03,,,,,36.6,,ptl-series-telecentric-lens,https://www.canrilloptics.com/28mm-sensor-telecentric-lens-product/,灿锐官网型号规格表；范围及条件规格以原始表为准
XF-PTL04508-C,灿锐光学,Telecentric,C,,,0.099,8,,,0.178,120,,,0.03,19.3,,5.5,,44.9,20.4,ptl-series-telecentric-lens,https://www.canrilloptics.com/8mm-sensor-telecentric-lens-product/,灿锐官网型号规格表；范围及条件规格以原始表为准
XF-PTL04511-C,灿锐光学,Telecentric,C,,,0.07,11,,,0.244,120,,,0.03,14.8,,8,,45.1,21.6,ptl-series-telecentric-lens,https://www.canrilloptics.com/11mm-sensor-telecentric-lens-product/,灿锐官网型号规格表；范围及条件规格以原始表为准
XF-PTL04516-C-VI,灿锐光学,Telecentric,C,,,0.024,16.2,,,0.359,120,,,0.03,,,,,45.1,,ptl-series-telecentric-lens,https://www.canrilloptics.com/16-2mm-sensor-telecentric-lens-product/,灿锐官网型号规格表；范围及条件规格以原始表为准
XF-PTL04519-C-VI,灿锐光学,Telecentric,C,,,0.02,18.5,,,0.411,120,,,0.03,,,,,45,,ptl-series-telecentric-lens,https://www.canrilloptics.com/18-5mm-sensor-telecentric-lens-product/,灿锐官网型号规格表；范围及条件规格以原始表为准
XF-PTL04523-C-VI,灿锐光学,Telecentric,C,,,0.017,23,,,0.516,120,,,0.03,,,,,44.6,,ptl-series-telecentric-lens,https://www.canrilloptics.com/23mm-sensor-telecentric-lens-product/,灿锐官网型号规格表；范围及条件规格以原始表为准
XF-PTL04529-F-VI,灿锐光学,Telecentric,F,,,0.046,29,,,0.646,120,,,0.03,,,,,44.9,,ptl-series-telecentric-lens,https://www.canrilloptics.com/28mm-sensor-telecentric-lens-product/,灿锐官网型号规格表；范围及条件规格以原始表为准
XF-PTL05508-C,灿锐光学,Telecentric,C,,,0.065,8,,,0.146,138,,,0.04,28.9,,5.5,,54.8,24.9,ptl-series-telecentric-lens,https://www.canrilloptics.com/8mm-sensor-telecentric-lens-product/,灿锐官网型号规格表；范围及条件规格以原始表为准
XF-PTL05511-C,灿锐光学,Telecentric,C,,,0.036,11,,,0.2,138,,,0.04,22,,8,,55,26.4,ptl-series-telecentric-lens,https://www.canrilloptics.com/11mm-sensor-telecentric-lens-product/,灿锐官网型号规格表；范围及条件规格以原始表为准
XF-PTL05516-C,灿锐光学,Telecentric,C,,,0.031,16.2,,,0.294,138,,,0.04,8.3,,6.5,,55.1,14.6,ptl-series-telecentric-lens,https://www.canrilloptics.com/16-2mm-sensor-telecentric-lens-product/,灿锐官网型号规格表；范围及条件规格以原始表为准
XF-PTL05519-C-VI,灿锐光学,Telecentric,C,,,0.035,18.5,,,0.336,138,,,0.04,,,,,55.1,,ptl-series-telecentric-lens,https://www.canrilloptics.com/18-5mm-sensor-telecentric-lens-product/,灿锐官网型号规格表；范围及条件规格以原始表为准
XF-PTL05523-C-VI,灿锐光学,Telecentric,C,,,0.026,23,,,0.422,138,,,0.04,45410,,,,54.5,,ptl-series-telecentric-lens,https://www.canrilloptics.com/23mm-sensor-telecentric-lens-product/,灿锐官网型号规格表；范围及条件规格以原始表为准
XF-PTL05529-F-VI,灿锐光学,Telecentric,F,,,0.012,29,,,0.528,138,,,0.04,,,,,54.9,,ptl-series-telecentric-lens,https://www.canrilloptics.com/28mm-sensor-telecentric-lens-product/,灿锐官网型号规格表；范围及条件规格以原始表为准
XF-PTL06508-C,灿锐光学,Telecentric,C,,,0.095,8,,,0.123,160,,,0.03,40.4,,5.5,,65,29.5,ptl-series-telecentric-lens,https://www.canrilloptics.com/8mm-sensor-telecentric-lens-product/,灿锐官网型号规格表；范围及条件规格以原始表为准
XF-PTL06511-C,灿锐光学,Telecentric,C,,,0.062,11,,,0.169,160,,,0.03,30.8,,8,,65.1,31.2,ptl-series-telecentric-lens,https://www.canrilloptics.com/11mm-sensor-telecentric-lens-product/,灿锐官网型号规格表；范围及条件规格以原始表为准
XF-PTL06516-C,灿锐光学,Telecentric,C,,,0.017,16.2,,,0.248,160,,,0.03,11.6,,6.5,,65.3,17.3,ptl-series-telecentric-lens,https://www.canrilloptics.com/16-2mm-sensor-telecentric-lens-product/,灿锐官网型号规格表；范围及条件规格以原始表为准
XF-PTL06519-C,灿锐光学,Telecentric,C,,,0.014,18.5,,,0.284,160,,,0.03,8.8,,6.5,,65.1,15.1,ptl-series-telecentric-lens,https://www.canrilloptics.com/18-5mm-sensor-telecentric-lens-product/,灿锐官网型号规格表；范围及条件规格以原始表为准
XF-PTL06523-C-VI,灿锐光学,Telecentric,C,,,0.013,23,,,0.357,160,,,0.03,,,,,64.4,,ptl-series-telecentric-lens,https://www.canrilloptics.com/23mm-sensor-telecentric-lens-product/,灿锐官网型号规格表；范围及条件规格以原始表为准
XF-PTL06529-F-VI,灿锐光学,Telecentric,F,,,0.04,29,,,0.447,160,,,0.03,,,,,64.9,,ptl-series-telecentric-lens,https://www.canrilloptics.com/28mm-sensor-telecentric-lens-product/,灿锐官网型号规格表；范围及条件规格以原始表为准
XF-PTL08008-C,灿锐光学,Telecentric,C,,,0.092,8,,,0.1,180,,,0.03,61,,5.5,,80,36.26,ptl-series-telecentric-lens,https://www.canrilloptics.com/8mm-sensor-telecentric-lens-product/,灿锐官网型号规格表；范围及条件规格以原始表为准
XF-PTL08011-C,灿锐光学,Telecentric,C,,,0.062,11,,,0.138,180,,,0.03,46.5,,8,,79.7,38.39,ptl-series-telecentric-lens,https://www.canrilloptics.com/11mm-sensor-telecentric-lens-product/,灿锐官网型号规格表；范围及条件规格以原始表为准
XF-PTL08016-C,灿锐光学,Telecentric,C,,,0.019,16.2,,,0.202,180,,,0.03,17.6,,6.5,,80.2,21.22,ptl-series-telecentric-lens,https://www.canrilloptics.com/16-2mm-sensor-telecentric-lens-product/,灿锐官网型号规格表；范围及条件规格以原始表为准
XF-PTL08019-C,灿锐光学,Telecentric,C,,,0.02,18.5,,,0.231,180,,,0.03,13.4,,6.5,,80.1,18.55,ptl-series-telecentric-lens,https://www.canrilloptics.com/18-5mm-sensor-telecentric-lens-product/,灿锐官网型号规格表；范围及条件规格以原始表为准
XF-PTL08023-C,灿锐光学,Telecentric,C,,,0.013,23,,,0.29,180,,,0.03,10.5,,8,,79.3,18.18,ptl-series-telecentric-lens,https://www.canrilloptics.com/23mm-sensor-telecentric-lens-product/,灿锐官网型号规格表；范围及条件规格以原始表为准
XF-PTL08029-F-VI,灿锐光学,Telecentric,F,,,0.039,29,,,0.363,180,,,0.04,,,,,79.9,,ptl-series-telecentric-lens,https://www.canrilloptics.com/28mm-sensor-telecentric-lens-product/,灿锐官网型号规格表；范围及条件规格以原始表为准
XF-PTL09208-C,灿锐光学,Telecentric,C,,,0.098,8,,,0.0874,250,,,0.04,79.8,,5.5,,91.5,41.5,ptl-series-telecentric-lens,https://www.canrilloptics.com/8mm-sensor-telecentric-lens-product/,灿锐官网型号规格表；范围及条件规格以原始表为准
XF-PTL09211-C,灿锐光学,Telecentric,C,,,0.065,11,,,0.12,250,,,0.04,60.9,,8,,91.7,44,ptl-series-telecentric-lens,https://www.canrilloptics.com/11mm-sensor-telecentric-lens-product/,灿锐官网型号规格表；范围及条件规格以原始表为准
XF-PTL09216-C,灿锐光学,Telecentric,C,,,0.019,16.2,,,0.177,250,,,0.04,23.1,,6.5,,91.5,24.3,ptl-series-telecentric-lens,https://www.canrilloptics.com/16-2mm-sensor-telecentric-lens-product/,灿锐官网型号规格表；范围及条件规格以原始表为准
XF-PTL09219-C,灿锐光学,Telecentric,C,,,0.017,18.5,,,0.202,250,,,0.04,17.5,,6.5,,91.6,21.3,ptl-series-telecentric-lens,https://www.canrilloptics.com/18-5mm-sensor-telecentric-lens-product/,灿锐官网型号规格表；范围及条件规格以原始表为准
XF-PTL09223-C,灿锐光学,Telecentric,C,,,0.017,23,,,0.254,250,,,0.04,13.7,,8,,90.6,20.8,ptl-series-telecentric-lens,https://www.canrilloptics.com/23mm-sensor-telecentric-lens-product/,灿锐官网型号规格表；范围及条件规格以原始表为准
XF-PTL09229-F-VI,灿锐光学,Telecentric,F,,,0.041,29,,,0.317,250,,,0.04,,,,,91.5,,ptl-series-telecentric-lens,https://www.canrilloptics.com/28mm-sensor-telecentric-lens-product/,灿锐官网型号规格表；范围及条件规格以原始表为准
XF-PTL11008-C,灿锐光学,Telecentric,C,,,0.095,8,,,0.0727,250,,,0.04,115.9,,5.5,,110,50,ptl-series-telecentric-lens,https://www.canrilloptics.com/8mm-sensor-telecentric-lens-product/,灿锐官网型号规格表；范围及条件规格以原始表为准
XF-PTL11011-C,灿锐光学,Telecentric,C,,,0.065,11,,,0.1,250,,,0.04,88.2,,8,,110,52.9,ptl-series-telecentric-lens,https://www.canrilloptics.com/11mm-sensor-telecentric-lens-product/,灿锐官网型号规格表；范围及条件规格以原始表为准
XF-PTL11016-C,灿锐光学,Telecentric,C,,,0.02,16.2,,,0.147,250,,,0.04,33.5,,6.5,,110.2,29.2,ptl-series-telecentric-lens,https://www.canrilloptics.com/16-2mm-sensor-telecentric-lens-product/,灿锐官网型号规格表；范围及条件规格以原始表为准
XF-PTL11019-C,灿锐光学,Telecentric,C,,,0.017,18.5,,,0.168,250,,,0.04,25.4,,6.5,,110.1,25.6,ptl-series-telecentric-lens,https://www.canrilloptics.com/18-5mm-sensor-telecentric-lens-product/,灿锐官网型号规格表；范围及条件规格以原始表为准
XF-PTL11023-C,灿锐光学,Telecentric,C,,,0.015,23,,,0.211,250,,,0.04,19.8,,8,,109,25,ptl-series-telecentric-lens,https://www.canrilloptics.com/23mm-sensor-telecentric-lens-product/,灿锐官网型号规格表；范围及条件规格以原始表为准
XF-PTL11029-F,灿锐光学,Telecentric,F,,,0.043,29,,,0.264,250,,,0.04,11,,7,,109.8,17.5,ptl-series-telecentric-lens,https://www.canrilloptics.com/28mm-sensor-telecentric-lens-product/,灿锐官网型号规格表；范围及条件规格以原始表为准
XF-PTL12208-C,灿锐光学,Telecentric,C,,,0.09,8,,,0.0656,260,,,0.04,142.1,,5.5,,122,55.4,ptl-series-telecentric-lens,https://www.canrilloptics.com/8mm-sensor-telecentric-lens-product/,灿锐官网型号规格表；范围及条件规格以原始表为准
XF-PTL12211-C,灿锐光学,Telecentric,C,,,0.06,11,,,0.09,260,,,0.04,108.1,,8,,122.2,58.6,ptl-series-telecentric-lens,https://www.canrilloptics.com/11mm-sensor-telecentric-lens-product/,灿锐官网型号规格表；范围及条件规格以原始表为准
XF-PTL12216-C,灿锐光学,Telecentric,C,,,0.026,16.2,,,0.133,260,,,0.04,41.1,,6.5,,121.8,32.4,ptl-series-telecentric-lens,https://www.canrilloptics.com/16-2mm-sensor-telecentric-lens-product/,灿锐官网型号规格表；范围及条件规格以原始表为准
XF-PTL12219-C,灿锐光学,Telecentric,C,,,0.027,18.5,,,0.152,260,,,0.04,31.2,,6.5,,121.7,28.3,ptl-series-telecentric-lens,https://www.canrilloptics.com/18-5mm-sensor-telecentric-lens-product/,灿锐官网型号规格表；范围及条件规格以原始表为准
XF-PTL12223-C,灿锐光学,Telecentric,C,,,0.019,23,,,0.19,260,,,0.04,24.4,,8,,121.1,27.7,ptl-series-telecentric-lens,https://www.canrilloptics.com/23mm-sensor-telecentric-lens-product/,灿锐官网型号规格表；范围及条件规格以原始表为准
XF-PTL12229-F,灿锐光学,Telecentric,F,,,0.038,29,,,0.238,260,,,0.04,13.5,,7,,121.8,19.4,ptl-series-telecentric-lens,https://www.canrilloptics.com/28mm-sensor-telecentric-lens-product/,灿锐官网型号规格表；范围及条件规格以原始表为准
XF-PTL13708-C,灿锐光学,Telecentric,C,,,0.095,8,,,0.0585,280,,,0.04,179.9,,5.5,,136.8,62.2,ptl-series-telecentric-lens,https://www.canrilloptics.com/8mm-sensor-telecentric-lens-product/,灿锐官网型号规格表；范围及条件规格以原始表为准
XF-PTL13711-C,灿锐光学,Telecentric,C,,,0.07,11,,,0.08,280,,,0.04,136.2,,8,,137.5,66,ptl-series-telecentric-lens,https://www.canrilloptics.com/11mm-sensor-telecentric-lens-product/,灿锐官网型号规格表；范围及条件规格以原始表为准
XF-PTL13716-C,灿锐光学,Telecentric,C,,,0.038,16.2,,,0.118,280,,,0.04,52.4,,6.5,,137.3,36.4,ptl-series-telecentric-lens,https://www.canrilloptics.com/16-2mm-sensor-telecentric-lens-product/,灿锐官网型号规格表；范围及条件规格以原始表为准
XF-PTL13719-C,灿锐光学,Telecentric,C,,,0.038,18.5,,,0.135,280,,,0.04,39.4,,6.5,,137,31.73,ptl-series-telecentric-lens,https://www.canrilloptics.com/18-5mm-sensor-telecentric-lens-product/,灿锐官网型号规格表；范围及条件规格以原始表为准
XF-PTL13723-C,灿锐光学,Telecentric,C,,,0.031,23,,,0.17,280,,,0.04,30.8,,8,,135.3,31.1,ptl-series-telecentric-lens,https://www.canrilloptics.com/23mm-sensor-telecentric-lens-product/,灿锐官网型号规格表；范围及条件规格以原始表为准
XF-PTL13729-F,灿锐光学,Telecentric,F,,,0.045,29,,,0.212,280,,,0.04,17.1,,7,,136.8,21.8,ptl-series-telecentric-lens,https://www.canrilloptics.com/28mm-sensor-telecentric-lens-product/,灿锐官网型号规格表；范围及条件规格以原始表为准
XF-PTL15208-C,灿锐光学,Telecentric,C,,,0.096,8,,,0.0528,320,,,0.04,218.8,,5.5,,151.5,68.56,ptl-series-telecentric-lens,https://www.canrilloptics.com/8mm-sensor-telecentric-lens-product/,灿锐官网型号规格表；范围及条件规格以原始表为准
XF-PTL15211-C,灿锐光学,Telecentric,C,,,0.066,11,,,0.0725,320,,,0.04,166.7,,8,,151.7,72.78,ptl-series-telecentric-lens,https://www.canrilloptics.com/11mm-sensor-telecentric-lens-product/,灿锐官网型号规格表；范围及条件规格以原始表为准
XF-PTL15216-C,灿锐光学,Telecentric,C,,,0.039,16.2,,,0.107,320,,,0.04,63.4,,6.5,,151.4,40.23,ptl-series-telecentric-lens,https://www.canrilloptics.com/16-2mm-sensor-telecentric-lens-product/,灿锐官网型号规格表；范围及条件规格以原始表为准
XF-PTL15219-C,灿锐光学,Telecentric,C,,,0.04,18.5,,,0.122,320,,,0.04,48.2,,6.5,,151.6,35.17,ptl-series-telecentric-lens,https://www.canrilloptics.com/18-5mm-sensor-telecentric-lens-product/,灿锐官网型号规格表；范围及条件规格以原始表为准
XF-PTL15223-C,灿锐光学,Telecentric,C,,,0.033,23,,,0.153,320,,,0.04,37.6,,8,,150.3,34.46,ptl-series-telecentric-lens,https://www.canrilloptics.com/23mm-sensor-telecentric-lens-product/,灿锐官网型号规格表；范围及条件规格以原始表为准
XF-PTL15229-F,灿锐光学,Telecentric,F,,,0.042,29,,,0.192,320,,,0.04,20.9,,7,,151,24.1,ptl-series-telecentric-lens,https://www.canrilloptics.com/28mm-sensor-telecentric-lens-product/,灿锐官网型号规格表；范围及条件规格以原始表为准
XF-PTL18208-C,灿锐光学,Telecentric,C,,,0.096,8,,,0.044,398,,,0.04,314.3,,5.5,,181.8,82.71,ptl-series-telecentric-lens,https://www.canrilloptics.com/8mm-sensor-telecentric-lens-product/,灿锐官网型号规格表；范围及条件规格以原始表为准
XF-PTL18211-C,灿锐光学,Telecentric,C,,,0.068,11,,,0.06,398,,,0.04,238.9,,8,,183.3,87.53,ptl-series-telecentric-lens,https://www.canrilloptics.com/11mm-sensor-telecentric-lens-product/,灿锐官网型号规格表；范围及条件规格以原始表为准
XF-PTL18216-C,灿锐光学,Telecentric,C,,,0.044,16.2,,,0.0888,398,,,0.04,91.2,,6.5,,182.4,48.31,ptl-series-telecentric-lens,https://www.canrilloptics.com/16-2mm-sensor-telecentric-lens-product/,灿锐官网型号规格表；范围及条件规格以原始表为准
XF-PTL18219-C,灿锐光学,Telecentric,C,,,0.045,18.5,,,0.102,398,,,0.04,69.5,,6.5,,181.4,42.2,ptl-series-telecentric-lens,https://www.canrilloptics.com/18-5mm-sensor-telecentric-lens-product/,灿锐官网型号规格表；范围及条件规格以原始表为准
XF-PTL18223-C,灿锐光学,Telecentric,C,,,0.038,23,,,0.128,398,,,0.04,54.1,,8,,179.7,41.41,ptl-series-telecentric-lens,https://www.canrilloptics.com/23mm-sensor-telecentric-lens-product/,灿锐官网型号规格表；范围及条件规格以原始表为准
XF-PTL18229-F,灿锐光学,Telecentric,F,,,0.044,29,,,0.16,398,,,0.04,30.1,,7,,181.3,28.94,ptl-series-telecentric-lens,https://www.canrilloptics.com/28mm-sensor-telecentric-lens-product/,灿锐官网型号规格表；范围及条件规格以原始表为准
XF-PTL19508-C,灿锐光学,Telecentric,C,,,0.097,8,,,0.0411,400,,,0.04,358.7,,5.5,,194.6,88.29,ptl-series-telecentric-lens,https://www.canrilloptics.com/8mm-sensor-telecentric-lens-product/,灿锐官网型号规格表；范围及条件规格以原始表为准
XF-PTL19511-C,灿锐光学,Telecentric,C,,,0.07,11,,,0.0565,400,,,0.04,273,,8,,194.7,93.46,ptl-series-telecentric-lens,https://www.canrilloptics.com/11mm-sensor-telecentric-lens-product/,灿锐官网型号规格表；范围及条件规格以原始表为准
XF-PTL19516-C,灿锐光学,Telecentric,C,,,0.044,16.2,,,0.083,400,,,0.04,104.3,,6.5,,195.2,51.66,ptl-series-telecentric-lens,https://www.canrilloptics.com/16-2mm-sensor-telecentric-lens-product/,灿锐官网型号规格表；范围及条件规格以原始表为准
XF-PTL19519-C,灿锐光学,Telecentric,C,,,0.045,18.5,,,0.095,400,,,0.04,79.4,,6.5,,194.7,45.16,ptl-series-telecentric-lens,https://www.canrilloptics.com/18-5mm-sensor-telecentric-lens-product/,灿锐官网型号规格表；范围及条件规格以原始表为准
XF-PTL19523-C,灿锐光学,Telecentric,C,,,0.038,23,,,0.119,400,,,0.04,61.9,,8,,193.3,44.25,ptl-series-telecentric-lens,https://www.canrilloptics.com/23mm-sensor-telecentric-lens-product/,灿锐官网型号规格表；范围及条件规格以原始表为准
XF-PTL19529-F,灿锐光学,Telecentric,F,,,0.043,29,,,0.149,400,,,0.04,34.5,,7,,194.6,30.95,ptl-series-telecentric-lens,https://www.canrilloptics.com/28mm-sensor-telecentric-lens-product/,灿锐官网型号规格表；范围及条件规格以原始表为准
XF-PTL23808-C,灿锐光学,Telecentric,C,,,0.09,8,,,0.0336,410,,,0.04,512.8,,5.5,,238.1,107.9,ptl-series-telecentric-lens,https://www.canrilloptics.com/8mm-sensor-telecentric-lens-product/,灿锐官网型号规格表；范围及条件规格以原始表为准
XF-PTL23811-C,灿锐光学,Telecentric,C,,,0.06,11,,,0.0462,410,,,0.04,392.8,,8,,238.1,114.2,ptl-series-telecentric-lens,https://www.canrilloptics.com/11mm-sensor-telecentric-lens-product/,灿锐官网型号规格表；范围及条件规格以原始表为准
XF-PTL23816-C,灿锐光学,Telecentric,C,,,0.025,16.2,,,0.0679,410,,,0.04,153.9,,6.5,,238.6,63.2,ptl-series-telecentric-lens,https://www.canrilloptics.com/16-2mm-sensor-telecentric-lens-product/,灿锐官网型号规格表；范围及条件规格以原始表为准
XF-PTL23819-C,灿锐光学,Telecentric,C,,,0.026,18.5,,,0.0777,410,,,0.04,116.9,,6.5,,238.1,55.2,ptl-series-telecentric-lens,https://www.canrilloptics.com/18-5mm-sensor-telecentric-lens-product/,灿锐官网型号规格表；范围及条件规格以原始表为准
XF-PTL23823-C,灿锐光学,Telecentric,C,,,0.019,23,,,0.0976,410,,,0.04,91.5,,8,,235.7,54.1,ptl-series-telecentric-lens,https://www.canrilloptics.com/23mm-sensor-telecentric-lens-product/,灿锐官网型号规格表；范围及条件规格以原始表为准
XF-PTL23829-F,灿锐光学,Telecentric,F,,,0.037,29,,,0.122,410,,,0.04,51,,7,,237.7,37.8,ptl-series-telecentric-lens,https://www.canrilloptics.com/28mm-sensor-telecentric-lens-product/,灿锐官网型号规格表；范围及条件规格以原始表为准
XF-PTL26808-C,灿锐光学,Telecentric,C,,,0.1,8,,,0.0299,410,,,0.04,634.2,,5.5,,267.6,121.34,ptl-series-telecentric-lens,https://www.canrilloptics.com/8mm-sensor-telecentric-lens-product/,灿锐官网型号规格表；范围及条件规格以原始表为准
XF-PTL26811-C,灿锐光学,Telecentric,C,,,0.072,11,,,0.0411,410,,,0.04,484.6,,8,,267.6,128.5,ptl-series-telecentric-lens,https://www.canrilloptics.com/11mm-sensor-telecentric-lens-product/,灿锐官网型号规格表；范围及条件规格以原始表为准
XF-PTL26816-C,灿锐光学,Telecentric,C,,,0.05,16.2,,,0.0604,410,,,0.04,193.6,,6.5,,268.2,71,ptl-series-telecentric-lens,https://www.canrilloptics.com/16-2mm-sensor-telecentric-lens-product/,灿锐官网型号规格表；范围及条件规格以原始表为准
XF-PTL26819-C,灿锐光学,Telecentric,C,,,0.042,18.5,,,0.0691,410,,,0.04,147.4,,6.5,,267.7,62.1,ptl-series-telecentric-lens,https://www.canrilloptics.com/18-5mm-sensor-telecentric-lens-product/,灿锐官网型号规格表；范围及条件规格以原始表为准
XF-PTL26823-C,灿锐光学,Telecentric,C,,,0.035,23,,,0.0868,410,,,0.04,115.5,,8,,265,60.9,ptl-series-telecentric-lens,https://www.canrilloptics.com/23mm-sensor-telecentric-lens-product/,灿锐官网型号规格表；范围及条件规格以原始表为准
XF-PTL26829-F,灿锐光学,Telecentric,F,,,0.048,29,,,0.109,410,,,0.04,64.6,,7,,266.1,42.6,ptl-series-telecentric-lens,https://www.canrilloptics.com/28mm-sensor-telecentric-lens-product/,灿锐官网型号规格表；范围及条件规格以原始表为准
XF-PTL31008-C,灿锐光学,Telecentric,C,,,0.095,8,,,0.0258,500,,,0.04,872.5,,5.5,,310.1,140.5,ptl-series-telecentric-lens,https://www.canrilloptics.com/8mm-sensor-telecentric-lens-product/,灿锐官网型号规格表；范围及条件规格以原始表为准
XF-PTL31011-C,灿锐光学,Telecentric,C,,,0.065,11,,,0.0355,500,,,0.04,666.1,,8,,309.9,148.7,ptl-series-telecentric-lens,https://www.canrilloptics.com/11mm-sensor-telecentric-lens-product/,灿锐官网型号规格表；范围及条件规格以原始表为准
XF-PTL31016-C,灿锐光学,Telecentric,C,,,0.041,16.2,,,0.0522,500,,,0.04,261,,6.5,,310.3,82.2,ptl-series-telecentric-lens,https://www.canrilloptics.com/16-2mm-sensor-telecentric-lens-product/,灿锐官网型号规格表；范围及条件规格以原始表为准
XF-PTL31019-C,灿锐光学,Telecentric,C,,,0.043,18.5,,,0.0597,500,,,0.04,199.6,,6.5,,309.9,71.9,ptl-series-telecentric-lens,https://www.canrilloptics.com/18-5mm-sensor-telecentric-lens-product/,灿锐官网型号规格表；范围及条件规格以原始表为准
XF-PTL31023-C,灿锐光学,Telecentric,C,,,0.035,23,,,0.075,500,,,0.04,155.4,,8,,306.7,70.4,ptl-series-telecentric-lens,https://www.canrilloptics.com/23mm-sensor-telecentric-lens-product/,灿锐官网型号规格表；范围及条件规格以原始表为准
XF-PTL31029-F,灿锐光学,Telecentric,F,,,0.04,29,,,0.0938,500,,,0.04,86.8,,7,,309.2,49.3,ptl-series-telecentric-lens,https://www.canrilloptics.com/28mm-sensor-telecentric-lens-product/,灿锐官网型号规格表；范围及条件规格以原始表为准
XF-PTL35008-C,灿锐光学,Telecentric,C,,,0.095,8,,,0.0229,540,,,0.05,1072.5,,5.5,,349.3,158.6,ptl-series-telecentric-lens,https://www.canrilloptics.com/8mm-sensor-telecentric-lens-product/,灿锐官网型号规格表；范围及条件规格以原始表为准
XF-PTL35011-C,灿锐光学,Telecentric,C,,,0.065,11,,,0.0315,540,,,0.05,817.6,,8,,349.2,167.8,ptl-series-telecentric-lens,https://www.canrilloptics.com/11mm-sensor-telecentric-lens-product/,灿锐官网型号规格表；范围及条件规格以原始表为准
XF-PTL35016-C,灿锐光学,Telecentric,C,,,0.041,16.2,,,0.0462,540,,,0.05,329.4,,6.5,,350.6,92.8,ptl-series-telecentric-lens,https://www.canrilloptics.com/16-2mm-sensor-telecentric-lens-product/,灿锐官网型号规格表；范围及条件规格以原始表为准
XF-PTL35019-C,灿锐光学,Telecentric,C,,,0.042,18.5,,,0.0529,540,,,0.05,252.7,,6.5,,349.7,81.1,ptl-series-telecentric-lens,https://www.canrilloptics.com/18-5mm-sensor-telecentric-lens-product/,灿锐官网型号规格表；范围及条件规格以原始表为准
XF-PTL35023-C,灿锐光学,Telecentric,C,,,0.036,23,,,0.0664,540,,,0.05,196.8,,8,,346.4,79.5,ptl-series-telecentric-lens,https://www.canrilloptics.com/23mm-sensor-telecentric-lens-product/,灿锐官网型号规格表；范围及条件规格以原始表为准
XF-PTL35029-F,灿锐光学,Telecentric,F,,,0.039,29,,,0.0831,540,,,0.05,110.4,,7,,349,55.6,ptl-series-telecentric-lens,https://www.canrilloptics.com/28mm-sensor-telecentric-lens-product/,灿锐官网型号规格表；范围及条件规格以原始表为准
XF-PTL39008-C,灿锐光学,Telecentric,C,,,0.095,8,,,0.0205,700,,,0.04,1348.7,,5.5,,390.2,177.4,ptl-series-telecentric-lens,https://www.canrilloptics.com/8mm-sensor-telecentric-lens-product/,灿锐官网型号规格表；范围及条件规格以原始表为准
XF-PTL39011-C,灿锐光学,Telecentric,C,,,0.065,11,,,0.0282,700,,,0.04,1028.8,,8,,390.1,187.5,ptl-series-telecentric-lens,https://www.canrilloptics.com/11mm-sensor-telecentric-lens-product/,灿锐官网型号规格表；范围及条件规格以原始表为准
XF-PTL39016-C,灿锐光学,Telecentric,C,,,0.044,16.2,,,0.0415,700,,,0.04,410.1,,6.5,,390.4,103.4,ptl-series-telecentric-lens,https://www.canrilloptics.com/16-2mm-sensor-telecentric-lens-product/,灿锐官网型号规格表；范围及条件规格以原始表为准
XF-PTL39019-C,灿锐光学,Telecentric,C,,,0.045,18.5,,,0.0475,700,,,0.04,313.6,,6.5,,389.5,90.4,ptl-series-telecentric-lens,https://www.canrilloptics.com/18-5mm-sensor-telecentric-lens-product/,灿锐官网型号规格表；范围及条件规格以原始表为准
XF-PTL39023-C,灿锐光学,Telecentric,C,,,0.037,23,,,0.0596,700,,,0.04,244.7,,8,,385.9,88.7,ptl-series-telecentric-lens,https://www.canrilloptics.com/23mm-sensor-telecentric-lens-product/,灿锐官网型号规格表；范围及条件规格以原始表为准
XF-PTL39029-F,灿锐光学,Telecentric,F,,,0.041,29,,,0.0746,700,,,0.04,137.5,,6.5,,388.7,62,ptl-series-telecentric-lens,https://www.canrilloptics.com/28mm-sensor-telecentric-lens-product/,灿锐官网型号规格表；范围及条件规格以原始表为准
XF-T03X110,灿锐光学,Telecentric,C,,,0.31,8,,,0.3,110,,,0.03,18.1,,15,,26.7,33,standard-resolution-telecentric-lens,https://www.canrilloptics.com/t-series-telecentric-lens-product/,灿锐官网型号规格表；范围及条件规格以原始表为准
XF-T03X110D,灿锐光学,Telecentric,C,,,0.8,8,,,0.3,110,,,0.03,18.1,,15,,26.7,33,standard-resolution-telecentric-lens,https://www.canrilloptics.com/t-series-telecentric-lens-product/,灿锐官网型号规格表；范围及条件规格以原始表为准
XF-T03X65,灿锐光学,Telecentric,C,,,0.24,6,,,0.3,65,,,0.2,14.8,,15,,20,33,standard-resolution-telecentric-lens,https://www.canrilloptics.com/t-series-telecentric-lens-product/,灿锐官网型号规格表；范围及条件规格以原始表为准
XF-T03X65D,灿锐光学,Telecentric,C,,,0.24,6,,,0.3,65,,,0.2,14.8,,15,,20,33,standard-resolution-telecentric-lens,https://www.canrilloptics.com/t-series-telecentric-lens-product/,灿锐官网型号规格表；范围及条件规格以原始表为准
XF-T05X110,灿锐光学,Telecentric,C,,,0.17,8,,,0.5,110,,,0.12,7,,16.6,,16,22,standard-resolution-telecentric-lens,https://www.canrilloptics.com/t-series-telecentric-lens-product/,灿锐官网型号规格表；范围及条件规格以原始表为准
XF-T05X110D,灿锐光学,Telecentric,C,,,0.14,8,,,0.5,110,,,0.17,7.1,,16.7,,16,22,standard-resolution-telecentric-lens,https://www.canrilloptics.com/t-series-telecentric-lens-product/,灿锐官网型号规格表；范围及条件规格以原始表为准
XF-T05X150,灿锐光学,Telecentric,C,,,0.2,8,,,0.5,150,,,0.12,7.4,,17.9,,16,23.6,standard-resolution-telecentric-lens,https://www.canrilloptics.com/t-series-long-wd-telecentric-lens-product/,灿锐官网型号规格表；范围及条件规格以原始表为准
XF-T05X150D,灿锐光学,Telecentric,C,,,0.16,8,,,0.5,150,,,0.16,7.4,,17.9,,16,23.6,standard-resolution-telecentric-lens,https://www.canrilloptics.com/t-series-long-wd-telecentric-lens-product/,灿锐官网型号规格表；范围及条件规格以原始表为准
XF-T05X200,灿锐光学,Telecentric,C,,,0.36,8,,,0.5,200,,,0.11,7.2,,19.3,,16,25.4,standard-resolution-telecentric-lens,https://www.canrilloptics.com/t-series-long-wd-telecentric-lens-product/,灿锐官网型号规格表；范围及条件规格以原始表为准
XF-T05X200D,灿锐光学,Telecentric,C,,,0.3,8,,,0.5,200,,,0.16,7.2,,19.3,,16,25.4,standard-resolution-telecentric-lens,https://www.canrilloptics.com/t-series-long-wd-telecentric-lens-product/,灿锐官网型号规格表；范围及条件规格以原始表为准
XF-T05X65,灿锐光学,Telecentric,C,,,0.001,11,,,0.5,65,,,0.26,7.2,,16.7,,22,22,standard-resolution-telecentric-lens,https://www.canrilloptics.com/t-series-telecentric-lens-product/,灿锐官网型号规格表；范围及条件规格以原始表为准
XF-T05X65D,灿锐光学,Telecentric,C,,,0.008,11,,,0.5,65,,,0.25,7.3,,16.5,,22,22,standard-resolution-telecentric-lens,https://www.canrilloptics.com/t-series-telecentric-lens-product/,灿锐官网型号规格表；范围及条件规格以原始表为准
XF-T08X110,灿锐光学,Telecentric,C,,,0.012,11,,,0.8,110,,,0.08,2.9,,16.7,,13.8,13.8,standard-resolution-telecentric-lens,https://www.canrilloptics.com/t-series-telecentric-lens-product/,灿锐官网型号规格表；范围及条件规格以原始表为准
XF-T08X110-Y11,灿锐光学,Telecentric,C,,,0.077,8,,,0.8,110,,,0.53,3.4,,20,,10,16.5,standard-resolution-telecentric-lens,https://www.canrilloptics.com/t-series-telecentric-lens-product/,灿锐官网型号规格表；范围及条件规格以原始表为准
XF-T08X110D,灿锐光学,Telecentric,C,,,0.012,11,,,0.8,110,,,0.08,2.9,,16.7,,13.8,13.8,standard-resolution-telecentric-lens,https://www.canrilloptics.com/t-series-telecentric-lens-product/,灿锐官网型号规格表；范围及条件规格以原始表为准
XF-T08X110D-Y11,灿锐光学,Telecentric,C,,,0.061,8,,,0.8,110,,,0.73,3.3,,20,,10,16.5,standard-resolution-telecentric-lens,https://www.canrilloptics.com/t-series-telecentric-lens-product/,灿锐官网型号规格表；范围及条件规格以原始表为准
XF-T08X65,灿锐光学,Telecentric,C,,,0.085,11,,,0.8,65,,,0.08,2.5,,14.8,,13.8,12.2,standard-resolution-telecentric-lens,https://www.canrilloptics.com/t-series-telecentric-lens-product/,灿锐官网型号规格表；范围及条件规格以原始表为准
XF-T08X65D,灿锐光学,Telecentric,C,,,0.085,11,,,0.8,65,,,0.07,2.5,,14.8,,13.8,12.2,standard-resolution-telecentric-lens,https://www.canrilloptics.com/t-series-telecentric-lens-product/,灿锐官网型号规格表；范围及条件规格以原始表为准
XF-T1X110,灿锐光学,Telecentric,C,,,0.03,11,,,1,110,,,0.07,2.3,,20.8,,11,13.8,standard-resolution-telecentric-lens,https://www.canrilloptics.com/t-series-telecentric-lens-product/,灿锐官网型号规格表；范围及条件规格以原始表为准
XF-T1X110-Y11,灿锐光学,Telecentric,C,,,0.063,8,,,1,110,,,0.6,2.3,,20.8,,8,13.8,standard-resolution-telecentric-lens,https://www.canrilloptics.com/t-series-telecentric-lens-product/,灿锐官网型号规格表；范围及条件规格以原始表为准
XF-T1X110D,灿锐光学,Telecentric,C,,,0.032,11,,,1,110,,,0.07,2.3,,20.8,,11,13.8,standard-resolution-telecentric-lens,https://www.canrilloptics.com/t-series-telecentric-lens-product/,灿锐官网型号规格表；范围及条件规格以原始表为准
XF-T1X110D-Y11,灿锐光学,Telecentric,C,,,0.054,8,,,1,110,,,0.6,2.3,,20.8,,8,13.8,standard-resolution-telecentric-lens,https://www.canrilloptics.com/t-series-telecentric-lens-product/,灿锐官网型号规格表；范围及条件规格以原始表为准
XF-T1X150,灿锐光学,Telecentric,C,,,0.14,8,,,1,150,,,0.1,2.1,,20.8,,8,13.8,standard-resolution-telecentric-lens,https://www.canrilloptics.com/t-series-long-wd-telecentric-lens-product/,灿锐官网型号规格表；范围及条件规格以原始表为准
XF-T1X150D,灿锐光学,Telecentric,C,,,0.14,8,,,1,150,,,0.1,2.1,,20.8,,8,13.8,standard-resolution-telecentric-lens,https://www.canrilloptics.com/t-series-long-wd-telecentric-lens-product/,灿锐官网型号规格表；范围及条件规格以原始表为准
XF-T1X250,灿锐光学,Telecentric,C,,,0.12,8,,,1,250,,,0.05,2.3,,21.3,,8,14.3,standard-resolution-telecentric-lens,https://www.canrilloptics.com/t-series-long-wd-telecentric-lens-product/,灿锐官网型号规格表；范围及条件规格以原始表为准
XF-T1X250D,灿锐光学,Telecentric,C,,,0.11,8,,,1,250,,,0.05,2.3,,21.3,,8,14.3,standard-resolution-telecentric-lens,https://www.canrilloptics.com/t-series-long-wd-telecentric-lens-product/,灿锐官网型号规格表；范围及条件规格以原始表为准
XF-T1X300,灿锐光学,Telecentric,C,,,0.1,8,,,1,300,,,0.1,2.3,,20.8,,8,13.8,standard-resolution-telecentric-lens,https://www.canrilloptics.com/t-series-long-wd-telecentric-lens-product/,灿锐官网型号规格表；范围及条件规格以原始表为准
XF-T1X300D,灿锐光学,Telecentric,C,,,0.11,8,,,1,300,,,0.1,2.3,,20.6,,8,13.8,standard-resolution-telecentric-lens,https://www.canrilloptics.com/t-series-long-wd-telecentric-lens-product/,灿锐官网型号规格表；范围及条件规格以原始表为准
XF-T1X65,灿锐光学,Telecentric,C,,,0.04,11,,,1,65,,,0.06,1.8,,16.6,,11,11,standard-resolution-telecentric-lens,https://www.canrilloptics.com/t-series-telecentric-lens-product/,灿锐官网型号规格表；范围及条件规格以原始表为准
XF-T1X65-Y11,灿锐光学,Telecentric,C,,,0.085,8,,,1,65,,,0.22,1.8,,16.7,,8,11,standard-resolution-telecentric-lens,https://www.canrilloptics.com/t-series-telecentric-lens-product/,灿锐官网型号规格表；范围及条件规格以原始表为准
XF-T1X65D,灿锐光学,Telecentric,C,,,0.04,11,,,1,65,,,0.06,1.8,,16.6,,11,11,standard-resolution-telecentric-lens,https://www.canrilloptics.com/t-series-telecentric-lens-product/,灿锐官网型号规格表；范围及条件规格以原始表为准
XF-T1X65D-Y11,灿锐光学,Telecentric,C,,,0.086,8,,,1,65,,,0.5,1.8,,16.7,,8,11,standard-resolution-telecentric-lens,https://www.canrilloptics.com/t-series-telecentric-lens-product/,灿锐官网型号规格表；范围及条件规格以原始表为准
XF-T2X110,灿锐光学,Telecentric,C,,,0.3,8,,,2,110,,,0.16,0.52,,22.1,,4,7.3,standard-resolution-telecentric-lens,https://www.canrilloptics.com/t-series-telecentric-lens-product/,灿锐官网型号规格表；范围及条件规格以原始表为准
XF-T2X110D,灿锐光学,Telecentric,C,,,0.3,8,,,2,110,,,0.16,0.5,,22.2,,4,7.3,standard-resolution-telecentric-lens,https://www.canrilloptics.com/t-series-telecentric-lens-product/,灿锐官网型号规格表；范围及条件规格以原始表为准
XF-T2X150B,灿锐光学,Telecentric,C,,,0.035,8,,,2,150,,,0.2,0.66,,29,,4,9.4,standard-resolution-telecentric-lens,https://www.canrilloptics.com/t-series-long-wd-telecentric-lens-product/,灿锐官网型号规格表；范围及条件规格以原始表为准
XF-T2X150BD,灿锐光学,Telecentric,C,,,0.035,8,,,2,150,,,0.2,0.66,,29,,4,9.4,standard-resolution-telecentric-lens,https://www.canrilloptics.com/t-series-long-wd-telecentric-lens-product/,灿锐官网型号规格表；范围及条件规格以原始表为准
XF-T2X200B,灿锐光学,Telecentric,C,,,0.033,8,,,2,200,,,0.2,0.68,,29.2,,4,9.4,standard-resolution-telecentric-lens,https://www.canrilloptics.com/t-series-long-wd-telecentric-lens-product/,灿锐官网型号规格表；范围及条件规格以原始表为准
XF-T2X200BD,灿锐光学,Telecentric,C,,,0.033,8,,,2,200,,,0.2,0.68,,29.2,,4,9.4,standard-resolution-telecentric-lens,https://www.canrilloptics.com/t-series-long-wd-telecentric-lens-product/,灿锐官网型号规格表；范围及条件规格以原始表为准
XF-T2X65,灿锐光学,Telecentric,C,,,0.025,8,,,2,65,,,0.08,0.47,,17.4,,4,5.8,standard-resolution-telecentric-lens,https://www.canrilloptics.com/t-series-telecentric-lens-product/,灿锐官网型号规格表；范围及条件规格以原始表为准
XF-T2X65D,灿锐光学,Telecentric,C,,,0.035,8,,,2,65,,,0.08,0.47,,17.4,,4,5.8,standard-resolution-telecentric-lens,https://www.canrilloptics.com/t-series-telecentric-lens-product/,灿锐官网型号规格表；范围及条件规格以原始表为准
XF-T3X110,灿锐光学,Telecentric,C,,,0.13,8,,,3,110,,,0.11,0.24,,27.1,,2.7,6,standard-resolution-telecentric-lens,https://www.canrilloptics.com/t-series-telecentric-lens-product/,灿锐官网型号规格表；范围及条件规格以原始表为准
XF-T3X110D,灿锐光学,Telecentric,C,,,0.13,8,,,3,110,,,0.11,0.25,,27.2,,2.7,6,standard-resolution-telecentric-lens,https://www.canrilloptics.com/t-series-telecentric-lens-product/,灿锐官网型号规格表；范围及条件规格以原始表为准
XF-T3X65,灿锐光学,Telecentric,C,,,0.13,8,,,3,65,,,0.16,0.28,,24.9,,2.7,5.5,standard-resolution-telecentric-lens,https://www.canrilloptics.com/t-series-telecentric-lens-product/,灿锐官网型号规格表；范围及条件规格以原始表为准
XF-T3X65D,灿锐光学,Telecentric,C,,,0.13,8,,,3,65,,,0.04,0.27,,24.9,,2.7,5.5,standard-resolution-telecentric-lens,https://www.canrilloptics.com/t-series-telecentric-lens-product/,灿锐官网型号规格表；范围及条件规格以原始表为准
XF-T4X110,灿锐光学,Telecentric,C,,,0.33,8,,,4,110,,,0.08,0.23,,44.3,,2,7.3,standard-resolution-telecentric-lens,https://www.canrilloptics.com/t-series-telecentric-lens-product/,灿锐官网型号规格表；范围及条件规格以原始表为准
XF-T4X110D,灿锐光学,Telecentric,C,,,0.3,8,,,4,110,,,0.001,0.22,,44.1,,2,7.3,standard-resolution-telecentric-lens,https://www.canrilloptics.com/t-series-telecentric-lens-product/,灿锐官网型号规格表；范围及条件规格以原始表为准
XF-T4X65,灿锐光学,Telecentric,C,,,0.122,8,,,4,65,,,0.02,0.13,,26.2,,2,4.3,standard-resolution-telecentric-lens,https://www.canrilloptics.com/t-series-telecentric-lens-product/,灿锐官网型号规格表；范围及条件规格以原始表为准
XF-T4X65D,灿锐光学,Telecentric,C,,,0.053,8,,,4,65,,,0.02,0.15,,27.3,,2,4.5,standard-resolution-telecentric-lens,https://www.canrilloptics.com/t-series-telecentric-lens-product/,灿锐官网型号规格表；范围及条件规格以原始表为准
XF-T6X65,灿锐光学,Telecentric,C,,,0.04,8,,,6,65,,,0.02,,,39.3,,1.3,4.3,standard-resolution-telecentric-lens,https://www.canrilloptics.com/t-series-telecentric-lens-product/,灿锐官网型号规格表；范围及条件规格以原始表为准
XF-T6X65D,灿锐光学,Telecentric,C,,,0.039,8,,,6,65,,,0.02,0.06,,39.4,,1.3,4.3,standard-resolution-telecentric-lens,https://www.canrilloptics.com/t-series-telecentric-lens-product/,灿锐官网型号规格表；范围及条件规格以原始表为准
XF-ZF2998-09X,灿锐光学,LineScan,,97.5,,0.026,62,,,,160.8,,,,,0.081,,,,,high-mag-large-format-telecentric-lens-for-semiconductor,https://www.canrilloptics.com/zf-series-line-scan-lens-for-62mm-sensor-product/,灿锐官网型号规格表；线扫镜头仅适用于相应线阵场景
XF-ZF2998-1.11X,灿锐光学,LineScan,,97.5,,0.03,62,,,,137.2,,,,,0.09,,,,,high-mag-large-format-telecentric-lens-for-semiconductor,https://www.canrilloptics.com/zf-series-line-scan-lens-for-62mm-sensor-product/,灿锐官网型号规格表；线扫镜头仅适用于相应线阵场景
XF-ZF3296-055X,灿锐光学,LineScan,,96,,0.022,62,,,,226.6,,,,,0.055,,,,,high-mag-large-format-telecentric-lens-for-semiconductor,https://www.canrilloptics.com/zf-series-line-scan-lens-for-62mm-sensor-product/,灿锐官网型号规格表；线扫镜头仅适用于相应线阵场景
XF-ZF3297-065X,灿锐光学,LineScan,,97,,0.018,62,,,,198,,,,,0.061,,,,,high-mag-large-format-telecentric-lens-for-semiconductor,https://www.canrilloptics.com/zf-series-line-scan-lens-for-62mm-sensor-product/,灿锐官网型号规格表；线扫镜头仅适用于相应线阵场景
XF-ZF3297-077X,灿锐光学,LineScan,,97,,0.028,62,,,,176,,,,,0.068,,,,,high-mag-large-format-telecentric-lens-for-semiconductor,https://www.canrilloptics.com/zf-series-line-scan-lens-for-62mm-sensor-product/,灿锐官网型号规格表；线扫镜头仅适用于相应线阵场景
XF-ZF3396-045X,灿锐光学,LineScan,,95.6,,0.03,62,,,,272.7,,,,,0.047,,,,,high-mag-large-format-telecentric-lens-for-semiconductor,https://www.canrilloptics.com/zf-series-line-scan-lens-for-62mm-sensor-product/,灿锐官网型号规格表；线扫镜头仅适用于相应线阵场景
XF-ZF3596-036X,灿锐光学,LineScan,,95.5,,0.027,62,,,,335.9,,,,,0.038,,,,,high-mag-large-format-telecentric-lens-for-semiconductor,https://www.canrilloptics.com/zf-series-line-scan-lens-for-62mm-sensor-product/,灿锐官网型号规格表；线扫镜头仅适用于相应线阵场景
XF-ZF3796-03X,灿锐光学,LineScan,,95.5,,0.028,62,,,,400.2,,,,,0.031,,,,,high-mag-large-format-telecentric-lens-for-semiconductor,https://www.canrilloptics.com/zf-series-line-scan-lens-for-62mm-sensor-product/,灿锐官网型号规格表；线扫镜头仅适用于相应线阵场景
XF-ZF3995-022X,灿锐光学,LineScan,,95,,0.046,62,,,,599.1,,,,,0.023,,,,,high-mag-large-format-telecentric-lens-for-semiconductor,https://www.canrilloptics.com/zf-series-line-scan-lens-for-62mm-sensor-product/,灿锐官网型号规格表；线扫镜头仅适用于相应线阵场景
XF-ZF4595-01X,灿锐光学,LineScan,,95,,0.028,62,,,,3056.3,,,,,0.01,,,,,high-mag-large-format-telecentric-lens-for-semiconductor,https://www.canrilloptics.com/zf-series-line-scan-lens-for-62mm-sensor-product/,灿锐官网型号规格表；线扫镜头仅适用于相应线阵场景
XF-ZFL3296-1.82X,灿锐光学,LineScan,,96,,0.022,82,,,,110.7,,,,,0.1,,,,,high-mag-large-format-telecentric-lens-for-semiconductor,https://www.canrilloptics.com/zfl-series-line-scan-lens-for-82mm-sensor-product/,灿锐官网型号规格表；线扫镜头仅适用于相应线阵场景
XF-ZFL3296-2.2X,灿锐光学,LineScan,,95.6,,0.027,82,,,,101.1,,,,,0.107,,,,,high-mag-large-format-telecentric-lens-for-semiconductor,https://www.canrilloptics.com/zfl-series-line-scan-lens-for-82mm-sensor-product/,灿锐官网型号规格表；线扫镜头仅适用于相应线阵场景
XF-ZFL3297-1.3X,灿锐光学,LineScan,,97,,0.03,82,,,,133.4,,,,,0.088,,,,,high-mag-large-format-telecentric-lens-for-semiconductor,https://www.canrilloptics.com/zfl-series-line-scan-lens-for-82mm-sensor-product/,灿锐官网型号规格表；线扫镜头仅适用于相应线阵场景
XF-ZFL3297-1.54X,灿锐光学,LineScan,,97,,0.019,82,,,,121.9,,,,,0.094,,,,,high-mag-large-format-telecentric-lens-for-semiconductor,https://www.canrilloptics.com/zfl-series-line-scan-lens-for-82mm-sensor-product/,灿锐官网型号规格表；线扫镜头仅适用于相应线阵场景
XF-ZFL3596-2.8X,灿锐光学,LineScan,,95.5,,0.024,82,,,,95,,,,,0.105,,,,,high-mag-large-format-telecentric-lens-for-semiconductor,https://www.canrilloptics.com/zfl-series-line-scan-lens-for-82mm-sensor-product/,灿锐官网型号规格表；线扫镜头仅适用于相应线阵场景
XF-ZFL3796-3.3X,灿锐光学,LineScan,,95.5,,0.017,82,,,,81.4,,,,,0.103,,,,,high-mag-large-format-telecentric-lens-for-semiconductor,https://www.canrilloptics.com/zfl-series-line-scan-lens-for-82mm-sensor-product/,灿锐官网型号规格表；线扫镜头仅适用于相应线阵场景
XF-ZFL3995-4.5X,灿锐光学,LineScan,,95,,0.013,82,,,,71.7,,,,,0.104,,,,,high-mag-large-format-telecentric-lens-for-semiconductor,https://www.canrilloptics.com/zfl-series-line-scan-lens-for-82mm-sensor-product/,灿锐官网型号规格表；线扫镜头仅适用于相应线阵场景
